person_id,first_name,last_name,username,date_of_birth,county,city,zip_code,preferred_language,login_enabled
09e8f6d3fa82e72d,Lucas,Vega,lucas.vega621,2009-07-09,Apache,Window Rock,86503,English,1
c5968807a2173084,Chloe,Garcia,chloe.garcia5228,1986-10-21,Apache,Eagar,86511,English,1
144574d0e012144a,Liam,Cruz,liam.cruz9044,1984-09-28,Apache,Window Rock,86503,English,1
279e3a41194a2894,Natalie,Romero,natalie.romero8937,1953-06-25,Apache,Eagar,86511,English,1
99f749f9b7b66bc5,Ethan,Morales,ethan.morales6540,1981-12-06,Apache,Window Rock,86503,English,1
5421dec51b2f6a13,Daniel,Romero,daniel.romero2070,1959-09-09,Apache,Chinle,86503,Spanish,1
0ef4f8f4cd016a6a,Aiden,Martinez,aiden.martinez732,1985-12-31,Apache,Chinle,86503,Navajo,1
c7ff7b7ccfc3fc18,Emma,Martinez,emma.martinez8669,1984-10-29,Apache,Window Rock,86511,Spanish,1
d555f5eec5b7567f,Lucas,Ruiz,lucas.ruiz203,1949-08-29,Apache,Eagar,86503,English,1
5e7ef3d614bc636d,Mia,Sanchez,mia.sanchez6931,2021-02-02,Apache,Window Rock,86503,English,1
65501f84a5b8d488,Carlos,Flores,carlos.flores1854,2003-02-15,Apache,Chinle,86503,English,1
cff63f0a6d4b3521,Camila,Hernandez,camila.hernandez1685,2021-04-30,Apache,Eagar,86503,English,1
7a1958c508618d41,Nora,Lopez,nora.lopez9050,1981-09-28,Apache,Chinle,86505,English,1
5a6504463523d544,Maria,Gonzalez,maria.gonzalez7890,2008-05-17,Apache,Eagar,86505,English,1
b535c603325a93c0,Maria,Aguilar,maria.aguilar2232,1994-02-09,Apache,Chinle,86505,Spanish,1
3277875576a4fead,Sebastian,Romero,sebastian.romero3123,1995-03-31,Apache,Chinle,86503,Spanish,1
8ca773cf27003cd0,Noah,Torres,noah.torres5230,1956-08-18,Apache,Window Rock,86505,English,1
f5c8b208c192f82b,Natalie,Ruiz,natalie.ruiz2482,1967-09-01,Apache,Eagar,86505,English,1
03f3fa7dfa31d0be,Chloe,Reyes,chloe.reyes9158,1955-06-24,Apache,Eagar,86505,English,1
9ddc0173a1621296,Maria,Dominguez,maria.dominguez1285,2012-12-31,Apache,Window Rock,86511,English,1
f3cbd65e03bf6118,Alex,Ortiz,alex.ortiz3636,2016-06-12,Apache,Eagar,86505,English,1
ed4461169cc3e601,Luna,Torres,luna.torres1432,2023-02-27,Apache,Window Rock,86511,Spanish,1
37d80ba3138c8279,Emma,Reyes,emma.reyes6317,1987-04-19,Apache,Window Rock,86505,Spanish,1
dc0b20dfc2ceec90,Hannah,Vasquez,hannah.vasquez4432,1995-08-01,Apache,Chinle,86511,English,1
9398f3370d1a9a1b,Gabriel,Mendoza,gabriel.mendoza5745,1998-10-17,Apache,Chinle,86511,English,1
c976b6da64399c07,Camila,Hernandez,camila.hernandez4686,1940-06-23,Apache,Eagar,86511,English,1
4c5d406004ca32e0,Luna,Gomez,luna.gomez9085,2019-12-14,Apache,Chinle,86505,English,1
d73d2f970b42cfda,Valeria,Castillo,valeria.castillo9315,1946-04-28,Apache,Window Rock,86511,Spanish,1
9d97ab337b0dd0fa,Mason,Vega,mason.vega6178,2003-10-17,Apache,Window Rock,86503,English,1
ebee54e6ab1a0769,Aria,Castillo,aria.castillo5384,1964-03-09,Apache,Eagar,86505,Spanish,1
fa96cde0fb3cb2f1,Ethan,Morales,ethan.morales8188,1963-04-27,Apache,Window Rock,86511,English,1
8d5b475429e28ae8,Alex,Diaz,alex.diaz4516,1940-12-15,Apache,Eagar,86505,English,1
d16664861169e0fa,Miguel,Gonzalez,miguel.gonzalez4764,1959-10-30,Apache,Eagar,86503,English,1
e9f185b1e81a4567,Javier,Perez,javier.perez3941,1983-01-13,Apache,Window Rock,86503,English,1
58773b8c4a37943d,Leah,Romero,leah.romero4320,2013-12-30,Apache,Chinle,86511,English,1
7d419ce270ff4726,Sofia,Lopez,sofia.lopez8970,1946-11-03,Apache,Eagar,86505,English,1
52fea3f47dc4619f,Olivia,Gonzalez,olivia.gonzalez3939,2014-03-01,Apache,Window Rock,86511,English,1
f9d0f4752c8053ff,Ava,Reyes,ava.reyes5628,1955-06-18,Apache,Window Rock,86511,English,1
c920ad139d29d23d,Diego,Martinez,diego.martinez521,1998-04-23,Apache,Chinle,86503,English,1
aa3d470042b71190,Aria,Dominguez,aria.dominguez1803,1984-04-10,Apache,Window Rock,86505,English,1
e500f815e7cac5f2,Samuel,Gomez,samuel.gomez3083,1959-05-30,Apache,Eagar,86503,Spanish,1
497dde3aeb03b3f8,Gabriel,Gomez,gabriel.gomez7613,1941-09-25,Apache,Window Rock,86503,Spanish,1
90ba7bb3693aecbb,Sebastian,Garcia,sebastian.garcia2016,1965-02-17,Apache,Window Rock,86505,Spanish,1
46312107fdc763fa,Daniel,Hernandez,daniel.hernandez9818,1940-01-17,Apache,Chinle,86505,Navajo,1
3c3cf1b381ccd453,Natalie,Castillo,natalie.castillo5779,1994-07-17,Apache,Eagar,86511,English,1
62f092bcf172e5b2,Sebastian,Hernandez,sebastian.hernandez355,1993-06-06,Apache,Eagar,86511,English,1
22d76fc4474fd39b,Javier,Rivera,javier.rivera4147,1979-12-25,Apache,Chinle,86511,English,1
70933f7d6bd4a83c,Adrian,Flores,adrian.flores5586,1950-03-22,Apache,Window Rock,86503,Spanish,1
53ee97cd0822c8d9,Valeria,Ramirez,valeria.ramirez4317,1967-08-10,Apache,Window Rock,86511,English,1
5dc13459afb49991,Mason,Ortiz,mason.ortiz6288,1954-04-12,Apache,Eagar,86511,English,1
9c9cb6cd986d4009,Aiden,Hernandez,aiden.hernandez5143,1981-09-27,Apache,Eagar,86505,English,1
a86d226575f65518,Nora,Vega,nora.vega6552,1971-02-12,Apache,Chinle,86505,English,1
1d171c0c785bd874,Natalie,Aguilar,natalie.aguilar7808,1983-02-25,Apache,Eagar,86503,English,1
4c85931622e12742,Diego,Flores,diego.flores830,1943-12-20,Apache,Window Rock,86503,Spanish,1
62d82e64f5478206,Alex,Lopez,alex.lopez1598,1949-09-22,Apache,Chinle,86511,English,1
d32d5ec8af1df655,Hannah,Molina,hannah.molina5282,1985-06-29,Apache,Eagar,86505,Spanish,1
aabea3db722b7f48,Elena,Vega,elena.vega4078,1983-07-02,Apache,Window Rock,86503,English,1
096301aac9917f76,Grace,Vasquez,grace.vasquez5861,1989-04-17,Apache,Eagar,86505,English,1
2785b7a1c8bf557d,Javier,Martinez,javier.martinez7001,1997-05-01,Apache,Chinle,86503,English,1
42777895d52a8502,Nora,Ramirez,nora.ramirez9346,1974-12-29,Apache,Chinle,86503,Spanish,1
eee95d5bc48d2821,Ava,Delgado,ava.delgado5777,1966-11-09,Apache,Eagar,86505,Spanish,1
67c02aea4429f7d6,Aria,Gomez,aria.gomez109,2020-10-26,Apache,Window Rock,86511,English,1
23ca811624c5d7ae,Miguel,Navarro,miguel.navarro1417,2023-04-11,Apache,Window Rock,86503,Spanish,1
29204e1368d518b7,Natalie,Mendoza,natalie.mendoza9211,1974-08-16,Apache,Chinle,86503,English,1
502210c442edbccf,Ava,Ortiz,ava.ortiz5376,2021-05-15,Apache,Chinle,86511,English,1
7cc0c56c4be60df1,Hannah,Hernandez,hannah.hernandez8751,2014-05-28,Apache,Window Rock,86505,English,1
0975f17523f06798,Alex,Cruz,alex.cruz4993,2009-04-10,Apache,Eagar,86511,Spanish,1
8c95915f416af583,Sofia,Navarro,sofia.navarro2284,1993-09-12,Apache,Chinle,86503,Spanish,1
f5bad44e56014970,Miguel,Flores,miguel.flores3371,2005-08-01,Apache,Chinle,86505,English,1
774bec0f9af8491e,Mia,Castillo,mia.castillo2346,1963-04-28,Apache,Window Rock,86505,Spanish,1
34d3169fe04edbe7,Jose,Vasquez,jose.vasquez5422,1954-12-03,Apache,Chinle,86511,Spanish,1
834aa330f215f019,Emma,Mendoza,emma.mendoza4771,1990-08-24,Apache,Window Rock,86503,English,1
73a5ca2dd686f0a2,Leah,Mendoza,leah.mendoza3333,1988-05-26,Apache,Window Rock,86503,Spanish,1
499520147783541b,Aiden,Flores,aiden.flores4592,1941-01-25,Apache,Eagar,86511,English,1
3a8d02471a3db29d,Mateo,Ramos,mateo.ramos6951,1984-09-06,Apache,Eagar,86505,English,1
d49f619a42b32463,Ana,Torres,ana.torres5747,1976-10-10,Apache,Eagar,86511,English,1
a50df7a1a8d6b11a,Luna,Hernandez,luna.hernandez7993,1981-10-06,Apache,Chinle,86511,English,1
ffc8732e94160acd,Ethan,Reyes,ethan.reyes7059,2019-12-25,Apache,Eagar,86505,English,1
a2c4f12ab97487cd,Ethan,Ramirez,ethan.ramirez7818,2008-12-11,Apache,Window Rock,86503,English,1
a95b60adde90656b,Miguel,Ruiz,miguel.ruiz9924,1995-10-02,Apache,Eagar,86511,English,1
0e2458029a13c346,Ariana,Flores,ariana.flores9112,2021-12-02,Apache,Window Rock,86505,English,1
8baf4dd08df5eaea,Elena,Castillo,elena.castillo8712,2004-07-09,Apache,Chinle,86511,Spanish,1
bfe599df46543bc9,Luna,Romero,luna.romero7935,1976-08-31,Apache,Eagar,86503,English,1
96d22041e7440aa2,Mia,Sanchez,mia.sanchez7570,1997-03-19,Apache,Chinle,86503,English,1
e097e10264600483,Carlos,Romero,carlos.romero5411,1945-10-07,Apache,Window Rock,86503,English,1
66f4d0e4283aae14,Grace,Cruz,grace.cruz4947,1985-02-07,Apache,Window Rock,86505,English,1
5966a91d30188d09,Luna,Garcia,luna.garcia631,1983-11-03,Apache,Chinle,86505,English,1
839fbe99c2d2ffe8,Ariana,Navarro,ariana.navarro2154,1983-10-10,Apache,Window Rock,86505,English,1
e749ec185fd82639,Gabriel,Delgado,gabriel.delgado6771,1971-09-11,Apache,Window Rock,86511,English,1
32074dd600260751,Aria,Gomez,aria.gomez6701,1947-03-07,Apache,Chinle,86511,English,1
30dccd2e6bc73a23,Mason,Vasquez,mason.vasquez2173,1956-09-02,Apache,Chinle,86511,English,1
f1a32dfa4c870422,Ava,Ruiz,ava.ruiz2736,1985-05-05,Apache,Chinle,86503,English,1
86a853638235f270,Alex,Mendoza,alex.mendoza3515,1990-09-01,Apache,Eagar,86505,English,1
0167ae34f6a6278a,Sebastian,Morales,sebastian.morales9188,1953-04-23,Apache,Chinle,86503,English,1
17aad03754721050,Isabella,Gonzalez,isabella.gonzalez1477,1955-10-01,Apache,Window Rock,86503,English,1
8eddfc807c69ba99,Ana,Aguilar,ana.aguilar8660,1998-07-28,Apache,Window Rock,86505,English,1
974650359cdbace0,Aiden,Delgado,aiden.delgado8965,1969-10-04,Apache,Chinle,86505,English,1
31b57b3be51c8c31,Jose,Vega,jose.vega6653,1951-04-17,Apache,Eagar,86505,English,1
d053f797ce6647ee,Javier,Morales,javier.morales9328,1955-12-20,Apache,Chinle,86511,English,1
294ae8956cd31bf0,Mia,Ruiz,mia.ruiz7624,1969-02-02,Apache,Chinle,86503,English,1
c9abeebafcaaf9ce,Chloe,Sanchez,chloe.sanchez4752,1993-04-23,Apache,Eagar,86505,Spanish,1
4fcfb1e69f19524b,Adrian,Ortiz,adrian.ortiz1151,1940-02-19,Apache,Eagar,86503,English,1
7b44224866ce29fb,Ava,Delgado,ava.delgado4450,1958-11-26,Apache,Eagar,86505,English,1
a776fa3973fa81fb,Hannah,Delgado,hannah.delgado1820,1965-04-21,Apache,Chinle,86503,Spanish,1
5debe4619a5083d9,Liam,Molina,liam.molina1732,1999-03-01,Apache,Chinle,86505,Spanish,1
82b88df7689cd0fd,Mateo,Cruz,mateo.cruz9683,1987-01-24,Apache,Chinle,86503,English,1
e702d8287554fee5,Lucas,Gonzalez,lucas.gonzalez2476,1989-11-09,Apache,Window Rock,86503,English,1
9411555c4872bd92,Ariana,Gonzalez,ariana.gonzalez3522,1963-09-14,Apache,Chinle,86511,English,1
6eefdaab2b836cc5,Ethan,Perez,ethan.perez5675,1968-11-11,Apache,Chinle,86503,English,1
338f6c116cdac1ff,Mateo,Delgado,mateo.delgado2689,2005-05-04,Apache,Window Rock,86505,English,1
5393cd5c4e00f8f4,Grace,Cruz,grace.cruz5623,2007-04-27,Apache,Chinle,86505,English,1
f5554853bf1c9072,Hannah,Aguilar,hannah.aguilar8747,2016-07-21,Apache,Eagar,86503,Spanish,1
af5a18a79e5f1387,Maria,Morales,maria.morales4306,1983-10-13,Apache,Window Rock,86511,English,1
00df0e4b6866aede,Sebastian,Ramirez,sebastian.ramirez1200,1974-08-26,Apache,Window Rock,86511,English,1
a833bf71c1213618,Noah,Ramirez,noah.ramirez6466,2024-07-02,Apache,Window Rock,86505,Spanish,1
753a0b935a18b44e,Ariana,Perez,ariana.perez8378,1999-09-22,Apache,Window Rock,86505,English,1
665124aa2d153815,Luna,Dominguez,luna.dominguez2091,1947-09-26,Apache,Eagar,86505,English,1
3166547f52871437,Jose,Garcia,jose.garcia3252,1946-10-30,Apache,Window Rock,86503,Spanish,1
6676ab2ca4d8d1a6,Ava,Silva,ava.silva5962,2009-04-25,Apache,Eagar,86511,Spanish,1
90fb8c11b18ef08b,Ariana,Perez,ariana.perez8981,1963-02-01,Apache,Chinle,86503,English,1
742e130e47a41c1c,Ethan,Sanchez,ethan.sanchez4025,1961-08-02,Apache,Eagar,86505,English,1
2c2e0998ce884746,Grace,Ramos,grace.ramos3458,1980-03-09,Apache,Eagar,86505,English,1
90a6d8671bbffd69,Alex,Ramos,alex.ramos1972,1976-12-01,Apache,Eagar,86505,English,1
32fd0abf8d2bcf2b,Mateo,Morales,mateo.morales2475,1951-09-01,Apache,Eagar,86503,English,1
6972f13b6ff58460,Olivia,Gonzalez,olivia.gonzalez3658,1946-01-17,Apache,Chinle,86505,English,1
63051f7829b503d2,Nora,Garcia,nora.garcia7891,2010-11-17,Apache,Chinle,86505,English,1
c453dfc34d0df7f2,Aria,Reyes,aria.reyes5690,1989-11-01,Apache,Eagar,86511,English,1
5c4f7dedc23646e3,Liam,Diaz,liam.diaz7285,2020-02-25,Apache,Chinle,86505,English,1
a520a384b7c4666c,Samuel,Morales,samuel.morales9463,1979-01-23,Apache,Window Rock,86503,English,1
273ad3e12032d1b3,Sofia,Ortiz,sofia.ortiz3853,2021-07-30,Apache,Eagar,86503,English,1
9ad3fc9419c2b37a,Daniel,Delgado,daniel.delgado862,2006-02-01,Apache,Window Rock,86511,Spanish,1
28b6ab6841311517,Natalie,Aguilar,natalie.aguilar620,2017-11-15,Apache,Chinle,86505,Spanish,1
ac2a7af16055b10e,Gabriel,Vasquez,gabriel.vasquez3863,1944-07-17,Apache,Chinle,86503,English,1
3af00ac4b32ec1dd,Valeria,Romero,valeria.romero4412,2016-11-24,Apache,Eagar,86503,Spanish,1
f5c03658a6143732,Gabriel,Lopez,gabriel.lopez277,2012-09-07,Apache,Window Rock,86503,English,1
a7f196743c11fd10,Natalie,Diaz,natalie.diaz4664,1940-12-08,Apache,Window Rock,86511,English,1
cf789386b77d7046,Grace,Rivera,grace.rivera7737,2022-11-04,Apache,Chinle,86505,Spanish,1
c951d1a762a132c1,Luna,Silva,luna.silva41,1952-09-19,Apache,Window Rock,86511,English,1
4890950b359cd2d5,Mason,Rivera,mason.rivera3458,1969-10-21,Apache,Eagar,86503,English,1
86cea21c9f060d3b,Daniel,Molina,daniel.molina3873,1957-06-24,Apache,Chinle,86503,English,1
2dadca028c2e0cec,Miguel,Perez,miguel.perez4754,1997-08-02,Apache,Window Rock,86511,Spanish,1
086a8ec810cf76ab,Liam,Molina,liam.molina9355,1945-12-14,Apache,Eagar,86503,English,1
d45ab8018047c0de,Aiden,Hernandez,aiden.hernandez7804,1978-03-14,Apache,Window Rock,86503,English,1
537c6bd802e8f821,Luna,Morales,luna.morales3453,2013-10-14,Apache,Eagar,86505,English,1
1c18edb706c626d5,Hannah,Gonzalez,hannah.gonzalez3971,1983-06-14,Apache,Chinle,86511,English,1
8fb7d3cd4b0ad0fa,Mateo,Ramirez,mateo.ramirez9798,1975-03-22,Apache,Eagar,86505,English,1
8d20ffb8b052ff9f,Elena,Ramirez,elena.ramirez7684,1950-04-17,Apache,Eagar,86511,English,1
c9c67fe4b78d12b9,Diego,Hernandez,diego.hernandez7882,1941-10-18,Apache,Eagar,86503,English,1
d8492d15908419fa,Chloe,Vasquez,chloe.vasquez6403,1958-11-21,Apache,Chinle,86503,Spanish,1
74e67c638d9122cc,Maria,Gomez,maria.gomez2909,2007-08-21,Apache,Chinle,86505,English,1
3d380497f686637f,Ethan,Martinez,ethan.martinez2579,2023-09-06,Apache,Chinle,86505,Spanish,1
7eff146d8d6142a0,Leah,Diaz,leah.diaz8567,1964-06-17,Apache,Eagar,86503,English,1
74d235bf7c3c2ad6,Isabella,Romero,isabella.romero1696,1959-05-14,Apache,Chinle,86511,Spanish,1
60c3e9ffc2e5a7a0,Ethan,Gonzalez,ethan.gonzalez3276,1966-01-28,Apache,Chinle,86503,Spanish,1
c501a99f99fd68a3,Leah,Ruiz,leah.ruiz2415,1946-07-17,Apache,Chinle,86503,Spanish,1
c4647f2fb75938e2,Gabriel,Reyes,gabriel.reyes7495,1985-05-19,Apache,Eagar,86505,English,1
6f436c2743a9ad8b,Sebastian,Diaz,sebastian.diaz7661,1950-09-23,Apache,Eagar,86503,English,1
69eec14360a5dc29,Samuel,Vega,samuel.vega4983,1999-09-28,Apache,Window Rock,86505,English,1
7dae2e9b15a640d7,Leah,Perez,leah.perez9015,2019-01-26,Apache,Chinle,86511,English,1
e6e0abb92b9a9e48,Liam,Dominguez,liam.dominguez8097,2014-02-04,Apache,Window Rock,86505,Spanish,1
5aafaf8cf107eb26,Valeria,Navarro,valeria.navarro4037,1962-09-28,Apache,Eagar,86503,Spanish,1
1924a34c4bc843cd,Aria,Dominguez,aria.dominguez6468,1952-06-10,Apache,Chinle,86511,English,1
aebfbcf8ba177140,Elena,Martinez,elena.martinez5043,2020-04-09,Apache,Eagar,86511,English,1
784f9a5af54d81a3,Miguel,Garcia,miguel.garcia997,1963-03-19,Apache,Chinle,86505,English,1
e801d380043ed0e2,Ariana,Vasquez,ariana.vasquez5856,1979-10-15,Apache,Window Rock,86511,Spanish,1
5081af12d7fe0b24,Mateo,Ramirez,mateo.ramirez3537,1960-05-03,Apache,Window Rock,86505,Spanish,1
f5a82bc698b64c77,Liam,Navarro,liam.navarro6730,1973-09-11,Apache,Eagar,86511,English,1
3160db02317c2f80,Sebastian,Navarro,sebastian.navarro1261,2001-03-24,Apache,Eagar,86505,English,1
68c2f366360ee1ed,Lucas,Molina,lucas.molina9498,1941-01-24,Apache,Chinle,86503,English,1
58377273ac15159e,Diego,Castillo,diego.castillo7780,1978-08-02,Apache,Window Rock,86505,English,1
d0c3903168389f34,Natalie,Sanchez,natalie.sanchez6860,1988-01-24,Apache,Eagar,86503,Spanish,1
dc99abdf906ebdf4,Sebastian,Aguilar,sebastian.aguilar4980,1944-06-28,Apache,Chinle,86511,Spanish,1
05294a60a18d99d4,Daniel,Garcia,daniel.garcia5535,1961-12-20,Apache,Eagar,86503,English,1
9a914f0bd705fa5e,Mason,Flores,mason.flores9942,1979-12-22,Apache,Eagar,86503,English,1
62e89280530940b0,Liam,Delgado,liam.delgado7170,2006-09-03,Apache,Chinle,86503,English,1
32e9b7a372ae75eb,Leah,Lopez,leah.lopez1535,2016-06-06,Apache,Window Rock,86505,English,1
9cb338d40300e8b7,Julian,Perez,julian.perez5621,2003-12-31,Apache,Eagar,86511,English,1
c80dd890749de844,Julian,Silva,julian.silva2672,2001-08-18,Apache,Eagar,86511,English,1
e790175e75174900,Maria,Romero,maria.romero3507,1971-01-28,Apache,Eagar,86505,Spanish,1
7f1a7bd6f9fee515,Sofia,Gonzalez,sofia.gonzalez5419,1942-10-18,Apache,Chinle,86511,Spanish,1
052893e9643f678d,Mia,Molina,mia.molina222,1968-09-19,Apache,Chinle,86511,English,1
e63dcc2f9ae4cf95,Sofia,Torres,sofia.torres4045,1943-11-01,Apache,Window Rock,86505,English,1
c335117b691c3c04,Lucas,Molina,lucas.molina9895,1971-01-15,Apache,Eagar,86505,Navajo,1
9b3e10fe06747b1e,Emma,Ortiz,emma.ortiz8300,1977-01-30,Apache,Chinle,86505,Spanish,1
273ee8a1050e8c7f,Elena,Cruz,elena.cruz8702,2009-10-19,Apache,Eagar,86511,English,1
4ce1ea176ab7bd24,Alex,Lopez,alex.lopez6210,1963-08-08,Apache,Window Rock,86511,English,1
a0ca69a7804b72f8,Liam,Aguilar,liam.aguilar9567,2017-12-10,Apache,Eagar,86511,English,1
6b4196923ab1ade0,Julian,Gonzalez,julian.gonzalez3465,2005-11-14,Apache,Eagar,86511,English,1
341edec823085c9d,Elena,Vega,elena.vega953,1996-06-28,Apache,Eagar,86503,Spanish,1
f78ab6e841cc149c,Jose,Cruz,jose.cruz3619,1949-03-02,Apache,Window Rock,86503,English,1
648b536e893b0573,Mason,Ramos,mason.ramos5753,2001-06-14,Apache,Chinle,86503,English,1
3b510f2303511c1a,Nora,Silva,nora.silva4050,2001-01-21,Apache,Chinle,86511,English,1
fd0689da47d23b76,Noah,Reyes,noah.reyes3574,1989-07-30,Apache,Window Rock,86503,Navajo,1
578898d77ceae41a,Noah,Ruiz,noah.ruiz1200,1982-07-18,Apache,Eagar,86505,English,1
095736e392d9ecd5,Miguel,Reyes,miguel.reyes992,1978-05-26,Apache,Chinle,86505,English,1
84d6ec3d46297f48,Elena,Silva,elena.silva6234,2016-12-16,Apache,Eagar,86505,English,1
36d1690326b1ddf3,Samuel,Sanchez,samuel.sanchez606,1951-09-18,Apache,Chinle,86511,Spanish,1
8cd4f1278e6816ef,Olivia,Reyes,olivia.reyes7129,1962-06-03,Apache,Chinle,86511,Spanish,1
56314d29bb80e102,David,Ruiz,david.ruiz6088,1980-08-13,Apache,Chinle,86503,English,1
6f3b037c1d98aca3,Noah,Ramos,noah.ramos602,1988-12-31,Apache,Chinle,86511,English,1
b4aeecbcd26c04c9,Nora,Aguilar,nora.aguilar5918,1993-01-03,Cochise,Bisbee,85635,English,1
cf5efdc0fee15481,Natalie,Morales,natalie.morales3493,1958-04-13,Cochise,Bisbee,85615,English,1
488399d29d961d76,Aiden,Flores,aiden.flores1351,1955-04-01,Cochise,Douglas,85615,English,1
464ef1429cee0501,Noah,Hernandez,noah.hernandez3497,1987-05-25,Cochise,Douglas,85635,English,1
c49b02e744dd2d85,Camila,Torres,camila.torres9851,1984-01-18,Cochise,Sierra Vista,85607,English,1
cca121e433142e2d,Liam,Vega,liam.vega1434,1975-08-29,Cochise,Bisbee,85635,Spanish,1
3681adf01c19eeec,Leah,Gomez,leah.gomez2356,1947-09-26,Cochise,Sierra Vista,85635,English,1
745247cf64469c81,Ariana,Diaz,ariana.diaz2936,1984-11-01,Cochise,Sierra Vista,85607,Spanish,1
b4e4e8e90f980a14,Mia,Ortiz,mia.ortiz3741,1956-09-10,Cochise,Douglas,85607,Spanish,1
5d23eae35e9e0f51,Diego,Rivera,diego.rivera9511,1964-10-16,Cochise,Bisbee,85607,Spanish,1
d9ba3ba488a2b0b3,Javier,Cruz,javier.cruz7359,1972-08-29,Cochise,Douglas,85607,Spanish,1
923989bb189f56ff,Javier,Gomez,javier.gomez5909,2012-11-25,Cochise,Sierra Vista,85635,English,1
4406ae8f7f6c7d9d,Grace,Ortiz,grace.ortiz4088,1943-11-20,Cochise,Sierra Vista,85615,English,1
8c274e7dcd9ec33d,Hannah,Ruiz,hannah.ruiz6509,1947-07-06,Cochise,Bisbee,85635,English,1
f2ad14c716bfd588,Samuel,Aguilar,samuel.aguilar3151,1962-12-05,Cochise,Douglas,85615,Spanish,1
f80fe1ebcba4bf17,Carlos,Garcia,carlos.garcia687,1955-05-19,Cochise,Sierra Vista,85615,English,1
d4615c996d0e8bc1,Luna,Aguilar,luna.aguilar3222,1940-11-04,Cochise,Bisbee,85635,English,1
d0e6298fad8fae76,Mateo,Gomez,mateo.gomez9387,1942-10-23,Cochise,Douglas,85635,English,1
75eb422549eafdd5,Gabriel,Aguilar,gabriel.aguilar8036,1943-10-07,Cochise,Bisbee,85635,Spanish,1
1b2d0126ec21f427,Daniel,Ramirez,daniel.ramirez5895,1946-11-26,Cochise,Douglas,85607,English,1
1ad4396e876ec7ef,Maria,Reyes,maria.reyes2347,1950-05-09,Cochise,Sierra Vista,85615,English,1
3d2e58a25051c592,Ana,Garcia,ana.garcia9687,2011-05-13,Cochise,Bisbee,85615,English,1
d730c1dc958d57f6,Sofia,Delgado,sofia.delgado272,1980-02-02,Cochise,Bisbee,85635,English,1
b25b478e70c783b7,Mason,Ortiz,mason.ortiz2404,1954-11-17,Cochise,Bisbee,85615,Spanish,1
7cf20baa8f814cc9,Adrian,Vasquez,adrian.vasquez3799,1963-03-28,Cochise,Douglas,85635,English,1
37cce3714b683e68,Aria,Cruz,aria.cruz6112,1982-11-01,Cochise,Bisbee,85635,English,1
13e136bfdbce36c5,Ava,Romero,ava.romero202,1970-10-14,Cochise,Douglas,85635,English,1
5d7e3b54713deee9,Ariana,Delgado,ariana.delgado6763,2021-12-23,Cochise,Douglas,85635,English,1
622cd9f17f92585f,Grace,Ruiz,grace.ruiz8899,1972-04-05,Cochise,Bisbee,85607,English,1
6dd854d9070c86d5,Noah,Romero,noah.romero5844,1995-09-01,Cochise,Sierra Vista,85615,English,1
b89a6172aa964ea8,Aiden,Aguilar,aiden.aguilar6250,2017-11-09,Cochise,Sierra Vista,85607,English,1
8a3202a6d47da916,Daniel,Aguilar,daniel.aguilar8701,2007-03-17,Cochise,Sierra Vista,85607,English,1
f707fd5a41397a61,Chloe,Gomez,chloe.gomez5476,2006-04-29,Cochise,Sierra Vista,85615,Spanish,1
18949d7d34b2023a,Mia,Diaz,mia.diaz3887,1949-03-04,Cochise,Sierra Vista,85607,English,1
bd8cfaf88afa58a8,Julian,Romero,julian.romero8503,1997-04-24,Cochise,Douglas,85615,English,1
fa88afcb37f78177,Daniel,Cruz,daniel.cruz7134,1956-06-21,Cochise,Sierra Vista,85635,English,1
5967a9a723682f1c,Jose,Navarro,jose.navarro9230,1941-08-11,Cochise,Bisbee,85615,English,1
97d9cca63033413f,Valeria,Hernandez,valeria.hernandez1912,1995-11-23,Cochise,Sierra Vista,85607,Spanish,1
35e6e89a8353cf6c,Aria,Sanchez,aria.sanchez9375,1957-08-28,Cochise,Douglas,85615,Spanish,1
64533903204c0cf3,Aiden,Reyes,aiden.reyes5468,1993-07-21,Cochise,Sierra Vista,85615,English,1
040fd6c930a45bc8,Elena,Castillo,elena.castillo5068,1993-12-12,Cochise,Douglas,85607,English,1
82968d81be7498a4,Emma,Silva,emma.silva9834,1949-04-04,Cochise,Sierra Vista,85615,English,1
f7568885c4242371,Ava,Navarro,ava.navarro7104,1976-01-21,Cochise,Douglas,85607,English,1
461fd0bfdaae7a04,Jose,Dominguez,jose.dominguez7253,1967-09-21,Cochise,Douglas,85635,Spanish,1
754e15994c89e96f,Mateo,Molina,mateo.molina7416,1990-08-20,Cochise,Douglas,85635,Spanish,1
073d997014ba4327,Sofia,Ramirez,sofia.ramirez6439,2002-06-29,Cochise,Douglas,85607,English,1
be57ea1218497438,Ava,Vega,ava.vega2950,1981-02-23,Cochise,Bisbee,85635,English,1
d81ea9dfb8af411b,Grace,Dominguez,grace.dominguez4317,1968-04-22,Cochise,Bisbee,85607,English,1
6f53846be3bc22ef,Alex,Molina,alex.molina5802,1992-01-21,Cochise,Sierra Vista,85635,English,1
d94ce546e79219d0,Miguel,Perez,miguel.perez5380,2007-10-15,Cochise,Bisbee,85635,English,1
5991efcf8fb82c3a,Grace,Lopez,grace.lopez7164,2017-06-01,Cochise,Bisbee,85615,English,1
968d4d0b27a0335e,Mateo,Vega,mateo.vega2103,1970-07-06,Cochise,Douglas,85615,English,1
9f0a7438f2c45cb3,Mason,Ortiz,mason.ortiz2702,2024-09-05,Cochise,Bisbee,85607,English,1
6aa77a3bb88481c4,Chloe,Garcia,chloe.garcia9140,2012-07-03,Cochise,Douglas,85607,English,1
9781a1c2cbc8d6c5,Diego,Ramos,diego.ramos8659,2012-07-22,Cochise,Bisbee,85615,Spanish,1
f487934b9f4ddd50,Diego,Martinez,diego.martinez4452,1951-04-25,Cochise,Douglas,85635,English,1
a243d793cc0c1f3c,Mateo,Navarro,mateo.navarro5482,2021-12-24,Cochise,Sierra Vista,85615,English,1
26b16a87e3a09ea6,Hannah,Diaz,hannah.diaz2821,1972-12-01,Cochise,Sierra Vista,85635,English,1
64046ec24a923217,Samuel,Ortiz,samuel.ortiz9630,1949-02-19,Cochise,Bisbee,85635,Spanish,1
502beaed73ccd03b,Diego,Silva,diego.silva5705,1953-05-02,Cochise,Douglas,85615,English,1
5ad0132cca886c50,Noah,Garcia,noah.garcia9962,1946-09-29,Cochise,Sierra Vista,85615,English,1
55a25879b0667f62,Camila,Romero,camila.romero4489,1999-07-07,Cochise,Bisbee,85635,English,1
87d78825a7675baa,Camila,Romero,camila.romero7737,1970-08-08,Cochise,Douglas,85615,English,1
7b8cc5149ca71bf9,Diego,Garcia,diego.garcia4581,2024-03-19,Cochise,Bisbee,85607,Spanish,1
bf1a7b1303f3425a,Maria,Morales,maria.morales8223,1961-11-04,Cochise,Sierra Vista,85635,Navajo,1
4258d9a1bb0e0902,Ava,Vega,ava.vega3664,1959-03-31,Cochise,Sierra Vista,85635,English,1
f8ed6e538d3e8f07,Mia,Aguilar,mia.aguilar2581,2023-03-15,Cochise,Sierra Vista,85607,English,1
3dc02a8cfd44c492,Olivia,Ramos,olivia.ramos3460,1999-12-17,Cochise,Sierra Vista,85607,English,1
878d47073a903a23,Ethan,Torres,ethan.torres2457,2024-11-12,Cochise,Bisbee,85635,Spanish,1
406e984868761ccb,Noah,Ramos,noah.ramos8054,1949-02-21,Cochise,Bisbee,85615,English,1
06d5bd62ed44ec85,Miguel,Rivera,miguel.rivera7748,1941-12-06,Cochise,Sierra Vista,85635,English,1
ffc766394e4e1fbb,Miguel,Ramirez,miguel.ramirez8681,2012-02-19,Cochise,Douglas,85635,English,1
a084a99d244ace60,David,Ruiz,david.ruiz9101,1976-05-15,Cochise,Sierra Vista,85615,Spanish,1
72332fce2c7d7509,Mason,Romero,mason.romero4589,1979-08-08,Cochise,Douglas,85635,English,1
c573c7b3ba3b2b06,Carlos,Martinez,carlos.martinez1490,2002-08-03,Cochise,Douglas,85635,Spanish,1
b342af4b1bce049a,Ariana,Castillo,ariana.castillo2332,1962-10-25,Cochise,Bisbee,85607,English,1
b806ef4d33fc1fa5,Luna,Torres,luna.torres6264,1943-09-19,Cochise,Bisbee,85607,English,1
68e50c0f1c73f419,Gabriel,Martinez,gabriel.martinez606,1982-06-26,Cochise,Sierra Vista,85615,Spanish,1
df9df816143b03cc,Camila,Vasquez,camila.vasquez5364,1940-05-24,Cochise,Sierra Vista,85615,English,1
9d0364b1cf803153,Leah,Rivera,leah.rivera8418,2015-07-17,Cochise,Bisbee,85615,English,1
40db66277576b538,Valeria,Aguilar,valeria.aguilar4674,1982-06-11,Cochise,Douglas,85607,Spanish,1
d09c2ef24a95cdd4,Jose,Silva,jose.silva3685,1971-09-12,Cochise,Sierra Vista,85615,Spanish,1
c04045eb3ea58e06,Nora,Silva,nora.silva4437,1953-04-19,Cochise,Bisbee,85615,English,1
fca8c8f9b824a50b,Ariana,Ortiz,ariana.ortiz6089,1981-05-09,Cochise,Sierra Vista,85607,English,1
03eb1c7a2ea7e479,Natalie,Gonzalez,natalie.gonzalez5420,2018-08-09,Cochise,Douglas,85607,English,1
7ebd3a928c3110ef,Samuel,Romero,samuel.romero5934,1996-07-01,Cochise,Bisbee,85615,English,1
c929405eb2e0b842,Mason,Lopez,mason.lopez3163,1955-03-25,Cochise,Sierra Vista,85635,English,1
6688f33c2eaa72de,Daniel,Vasquez,daniel.vasquez7318,1959-03-03,Cochise,Sierra Vista,85635,English,1
ff963fa19c572236,Daniel,Hernandez,daniel.hernandez9660,1996-11-16,Cochise,Sierra Vista,85635,English,1
2f9f5ce6ef2ea775,Jose,Aguilar,jose.aguilar6996,1973-01-16,Cochise,Bisbee,85635,English,1
db09bb36fba3dc3a,Grace,Silva,grace.silva6600,1977-06-28,Cochise,Douglas,85615,English,1
7928182a85124200,Gabriel,Ruiz,gabriel.ruiz3057,2008-03-14,Cochise,Bisbee,85635,Spanish,1
4e97a0bad01f2d48,Noah,Diaz,noah.diaz9223,1958-03-22,Cochise,Sierra Vista,85607,English,1
89533bdff63fd3da,Mateo,Reyes,mateo.reyes1718,2022-05-16,Cochise,Bisbee,85615,English,1
f9fecc80bc8f86ac,Javier,Vasquez,javier.vasquez4292,1966-04-11,Cochise,Sierra Vista,85635,English,1
f6ca940edba41891,Diego,Navarro,diego.navarro3066,1957-03-10,Cochise,Sierra Vista,85607,English,1
dfe6ab624cb56ec6,Chloe,Lopez,chloe.lopez5580,2009-11-11,Cochise,Bisbee,85615,English,1
d486c1dcc1f29314,Emma,Ortiz,emma.ortiz1124,1984-01-03,Cochise,Sierra Vista,85635,English,1
b5b83920254a2886,Carlos,Flores,carlos.flores4422,1960-11-04,Cochise,Bisbee,85615,Navajo,1
5792728edb7910e1,Maria,Castillo,maria.castillo1218,1965-06-03,Cochise,Bisbee,85615,English,1
c2445783356c3b4f,Ana,Lopez,ana.lopez6333,1968-02-25,Cochise,Bisbee,85615,Spanish,1
1831af57cb4d61c6,Maria,Sanchez,maria.sanchez8676,1993-11-12,Cochise,Douglas,85615,English,1
2a3327277128456b,Samuel,Gomez,samuel.gomez5156,1945-12-10,Cochise,Bisbee,85635,English,1
aa1a99d38f20f55e,Miguel,Aguilar,miguel.aguilar9389,2021-11-07,Cochise,Bisbee,85615,English,1
c928a4bf701a821e,Luna,Flores,luna.flores8792,2019-05-10,Cochise,Sierra Vista,85607,English,1
66dc764009289cf0,Adrian,Vasquez,adrian.vasquez3782,1976-03-09,Cochise,Bisbee,85607,English,1
20df4ef2f4d0e3a8,Mia,Flores,mia.flores7104,1955-02-10,Cochise,Douglas,85607,English,1
8359a060f9fa3fbb,Jose,Silva,jose.silva6780,1975-11-11,Cochise,Douglas,85635,English,1
6288622f1792e3cf,Camila,Cruz,camila.cruz940,1964-08-22,Cochise,Douglas,85615,English,1
c1ce92e738ae5252,Adrian,Ortiz,adrian.ortiz870,2006-08-09,Cochise,Douglas,85635,English,1
4b0f8124412344c9,Miguel,Vega,miguel.vega3438,1994-06-01,Cochise,Douglas,85635,English,1
a914c8c61755ed04,Mason,Molina,mason.molina397,1997-04-08,Cochise,Bisbee,85615,English,1
92dfd33efdf57952,Aiden,Hernandez,aiden.hernandez197,2020-01-21,Cochise,Sierra Vista,85607,English,1
22e8be08466e5f2f,Camila,Diaz,camila.diaz6466,1954-02-24,Cochise,Douglas,85607,Navajo,1
87720b42e3b7de9a,Lucas,Delgado,lucas.delgado2148,1973-10-09,Cochise,Douglas,85635,Spanish,1
491ead46265a8068,Leah,Morales,leah.morales182,1978-09-04,Cochise,Sierra Vista,85635,English,1
4449fc7157499c85,Jose,Vega,jose.vega5182,1981-12-09,Cochise,Bisbee,85607,English,1
ca4d4832afebd595,Ava,Romero,ava.romero9110,1952-05-14,Cochise,Douglas,85607,English,1
21844ec42373cc66,Diego,Dominguez,diego.dominguez4075,1994-12-26,Cochise,Sierra Vista,85635,English,1
bb293f42df02a72c,Camila,Mendoza,camila.mendoza996,1992-08-25,Cochise,Bisbee,85615,Spanish,1
464d589f3a2f506e,Luna,Ortiz,luna.ortiz7866,1994-07-07,Cochise,Sierra Vista,85615,English,1
84825fda14292b1c,Jose,Castillo,jose.castillo9026,1951-10-22,Cochise,Sierra Vista,85635,Spanish,1
20cdf5ac927a439e,Elena,Cruz,elena.cruz6417,2022-04-06,Cochise,Bisbee,85607,English,1
cf336cb2713767c6,Natalie,Lopez,natalie.lopez3602,2000-04-07,Cochise,Douglas,85635,English,1
45fe152051303102,Samuel,Silva,samuel.silva8021,2004-04-01,Cochise,Sierra Vista,85615,English,1
84341d6fd0e94691,Jose,Morales,jose.morales261,1994-10-30,Cochise,Douglas,85635,English,1
2dc832daa0e994e0,Natalie,Rivera,natalie.rivera9321,1959-05-14,Cochise,Sierra Vista,85607,English,1
f540a12894d596fb,Chloe,Molina,chloe.molina5653,1951-07-17,Cochise,Bisbee,85607,English,1
814930f81df9eccb,Aria,Gonzalez,aria.gonzalez8502,1982-09-08,Cochise,Bisbee,85615,English,1
1f5643b7fd1938fe,Hannah,Lopez,hannah.lopez2001,1971-12-19,Cochise,Sierra Vista,85615,English,1
9f175b3705ec8e05,Nora,Ruiz,nora.ruiz5114,2017-06-02,Cochise,Douglas,85607,English,1
8c8cb4246b1cfcae,Noah,Navarro,noah.navarro7089,1960-10-19,Cochise,Bisbee,85607,English,1
6b86cd30e15c2851,Valeria,Flores,valeria.flores4856,2020-04-18,Cochise,Bisbee,85607,Spanish,1
1af5a5da05d87995,Isabella,Vasquez,isabella.vasquez4907,2011-04-08,Cochise,Douglas,85607,English,1
5d0bea02c03574cf,Leah,Ortiz,leah.ortiz1297,2001-12-14,Cochise,Douglas,85607,English,1
2672a360690eb6c2,Carlos,Lopez,carlos.lopez9231,1969-01-22,Cochise,Douglas,85635,Spanish,1
517d0025e967be0c,Jose,Flores,jose.flores8299,1964-05-27,Cochise,Douglas,85635,English,1
deca0321dcd7e656,Aiden,Ruiz,aiden.ruiz5534,1954-09-14,Cochise,Douglas,85615,English,1
95662b273b577bdf,Liam,Martinez,liam.martinez1078,1942-01-07,Cochise,Bisbee,85615,English,1
924d4aa4920ecae6,Aiden,Delgado,aiden.delgado3447,1969-05-14,Cochise,Douglas,85615,English,1
2c45ca4e83d8f0c2,Aria,Gonzalez,aria.gonzalez4526,2000-11-15,Cochise,Bisbee,85607,Spanish,1
9a5a771f5f6c39e0,Julian,Garcia,julian.garcia4367,2014-11-18,Cochise,Douglas,85615,English,1
fab7f64a41464123,Isabella,Martinez,isabella.martinez4001,1948-01-27,Cochise,Douglas,85635,English,1
a23da447001445f1,Carlos,Aguilar,carlos.aguilar3968,2009-09-11,Cochise,Douglas,85635,Navajo,1
9853651ba35acb02,David,Ruiz,david.ruiz9482,1975-04-03,Cochise,Douglas,85615,English,1
c10e6741a971adb3,Aria,Cruz,aria.cruz201,1997-08-26,Cochise,Bisbee,85615,English,1
b7e1dd3cbecba01f,Alex,Morales,alex.morales1450,2015-12-14,Cochise,Douglas,85635,English,1
4f9f1728e17041d3,Aiden,Diaz,aiden.diaz2117,1963-01-27,Cochise,Bisbee,85615,Spanish,1
440658366e35c7cd,Liam,Hernandez,liam.hernandez5488,1979-01-04,Cochise,Bisbee,85615,English,1
0824215dd0697d55,Mateo,Silva,mateo.silva7169,1953-02-03,Cochise,Douglas,85615,English,1
df96640f9ce3b78d,Diego,Ruiz,diego.ruiz1819,1970-08-08,Cochise,Bisbee,85615,English,1
5fa706316f4994fc,Ava,Lopez,ava.lopez1444,1955-11-19,Cochise,Bisbee,85615,Navajo,1
0d3bbae3e842f490,Aiden,Ruiz,aiden.ruiz122,1951-03-04,Cochise,Bisbee,85607,English,1
90ed06e8cd4735b9,David,Lopez,david.lopez6546,1975-05-17,Cochise,Bisbee,85635,Spanish,1
25d79b23983c6d12,Liam,Torres,liam.torres7755,1973-04-08,Cochise,Sierra Vista,85635,English,1
c843502918ef4023,Liam,Garcia,liam.garcia1959,1970-11-15,Cochise,Douglas,85607,English,1
5e7dc696dc031a56,Noah,Aguilar,noah.aguilar6203,2003-01-17,Cochise,Douglas,85635,English,1
6d4dd9cbf512da22,Luna,Reyes,luna.reyes4777,2003-08-01,Cochise,Douglas,85635,Spanish,1
26d0b4bc5265139f,Olivia,Silva,olivia.silva698,1962-01-28,Cochise,Bisbee,85615,Spanish,1
7822d78e56b219b5,Adrian,Diaz,adrian.diaz8197,1984-04-23,Cochise,Bisbee,85635,Spanish,1
9ec0ab783fa1c1cb,Nora,Diaz,nora.diaz3224,1982-09-19,Cochise,Bisbee,85615,English,1
f5fd1d0696b42a8b,Lucas,Torres,lucas.torres5641,1995-05-19,Cochise,Bisbee,85607,English,1
4c6a0716ac544926,Ariana,Gonzalez,ariana.gonzalez9116,1961-02-09,Cochise,Bisbee,85615,English,1
6d237aa15c6c9df7,Mia,Delgado,mia.delgado9250,1970-06-17,Cochise,Douglas,85607,English,1
b74c265227b77e05,Aria,Torres,aria.torres802,1953-12-18,Cochise,Douglas,85635,English,1
aaee5b057c7e7c55,Julian,Flores,julian.flores382,1947-09-18,Cochise,Douglas,85635,English,1
1048c6f6d71780af,Luna,Lopez,luna.lopez7919,1967-06-15,Cochise,Sierra Vista,85607,English,1
e9182d81180a3976,David,Aguilar,david.aguilar5669,2000-10-31,Cochise,Sierra Vista,85607,English,1
e93039256918d43e,Isabella,Navarro,isabella.navarro3784,1949-10-27,Cochise,Sierra Vista,85607,English,1
9837eeacb213fa7d,Aiden,Aguilar,aiden.aguilar433,2014-04-28,Cochise,Douglas,85615,English,1
bbfcf6b1156161e0,Olivia,Diaz,olivia.diaz8779,1992-06-09,Cochise,Bisbee,85607,English,1
8d1fe092959e1234,Luna,Morales,luna.morales2438,2018-07-18,Cochise,Bisbee,85635,Spanish,1
fbbe8805a4bb83c6,Maria,Silva,maria.silva4509,1974-05-10,Cochise,Sierra Vista,85607,English,1
4e03f47fc5b8c80d,Jose,Ramirez,jose.ramirez8417,2014-05-12,Cochise,Douglas,85607,English,1
5cd5c03278f9daba,Isabella,Ramos,isabella.ramos8039,1944-01-19,Cochise,Douglas,85615,English,1
5f5e86e511155654,Mateo,Ortiz,mateo.ortiz4236,1951-10-28,Cochise,Bisbee,85615,English,1
796c3733bf55c6d9,Mateo,Sanchez,mateo.sanchez730,1980-02-25,Cochise,Douglas,85635,Spanish,1
a29f76708770e2f6,Olivia,Rivera,olivia.rivera5847,1940-05-19,Cochise,Douglas,85635,English,1
ae4e8e732d678054,David,Flores,david.flores5831,1990-06-03,Cochise,Douglas,85615,English,1
2ec1361737924e06,Jose,Morales,jose.morales9770,1989-03-01,Cochise,Sierra Vista,85615,English,1
57529d468b7e53ee,Gabriel,Cruz,gabriel.cruz2318,1972-04-28,Cochise,Douglas,85615,English,1
047867b5d04d660d,Maria,Ramos,maria.ramos7883,1978-10-10,Cochise,Douglas,85635,English,1
fa44334ce47ae333,Lucas,Hernandez,lucas.hernandez749,1984-11-12,Cochise,Douglas,85607,Spanish,1
f06862e88f471a0a,Chloe,Delgado,chloe.delgado6010,2008-12-28,Cochise,Douglas,85635,English,1
86cab09097c5beb1,David,Morales,david.morales3450,1965-07-28,Cochise,Sierra Vista,85607,English,1
40f980c0d6882626,David,Mendoza,david.mendoza9718,1991-02-19,Cochise,Douglas,85615,Spanish,1
b0e5f6bb2cdcccc7,Samuel,Romero,samuel.romero1036,1983-07-03,Cochise,Bisbee,85607,English,1
ed5765c16e207ab1,Valeria,Gonzalez,valeria.gonzalez24,1951-11-12,Cochise,Sierra Vista,85635,English,1
d0c18fcdcbfeabb6,Aria,Castillo,aria.castillo8442,1982-06-06,Cochise,Sierra Vista,85607,English,1
a2ad3fd67ff8e578,Ethan,Lopez,ethan.lopez6797,2005-06-29,Cochise,Sierra Vista,85607,English,1
6ab54b65ead12044,Jose,Garcia,jose.garcia3239,1961-06-13,Cochise,Bisbee,85635,English,1
b9950f2cb122a0b9,Maria,Flores,maria.flores3130,2016-07-20,Cochise,Douglas,85607,English,1
37ada1c7398633b6,Aria,Vega,aria.vega7175,1969-12-28,Cochise,Bisbee,85615,Spanish,1
616a341becea806a,Gabriel,Delgado,gabriel.delgado641,1996-12-02,Cochise,Sierra Vista,85635,English,1
e7b881102138f521,Emma,Morales,emma.morales6351,1983-07-17,Cochise,Sierra Vista,85607,English,1
48205feb1818195d,Noah,Navarro,noah.navarro3874,2023-12-19,Cochise,Sierra Vista,85635,English,1
68c208c8819d4fbc,Camila,Flores,camila.flores6915,1960-10-26,Cochise,Douglas,85615,English,1
c2675503d7d2aae3,Daniel,Silva,daniel.silva5335,1997-12-19,Cochise,Sierra Vista,85635,Navajo,1
c27c69dab096a61b,Samuel,Ramirez,samuel.ramirez3220,1988-11-08,Cochise,Bisbee,85607,English,1
24debeab5dc5eda9,Ava,Perez,ava.perez8719,1987-04-13,Cochise,Douglas,85615,English,1
f80b4f221dd276ed,Alex,Rivera,alex.rivera8252,1981-04-28,Coconino,Flagstaff,86001,English,1
4328a3e35cece862,Ava,Cruz,ava.cruz8889,2000-08-11,Coconino,Flagstaff,86001,Spanish,1
e27c6ec575e47da8,Julian,Torres,julian.torres6137,1975-05-20,Coconino,Flagstaff,86001,English,1
0ad50b1efa417c38,Hannah,Reyes,hannah.reyes7711,1984-12-07,Coconino,Williams,86001,English,1
4ff30e4c8475daec,Alex,Lopez,alex.lopez7286,2014-01-27,Coconino,Flagstaff,86001,English,1
5b280c702217ad13,Daniel,Vasquez,daniel.vasquez7476,2020-01-06,Coconino,Williams,86004,Spanish,1
ee164fbac4710d8d,Aria,Ramirez,aria.ramirez368,2006-12-08,Coconino,Page,86001,English,1
b58dad07becf1bd0,Mia,Martinez,mia.martinez5454,1946-12-15,Coconino,Flagstaff,86011,Spanish,1
04deeb510fe3d8b2,Ana,Silva,ana.silva9636,2012-02-04,Coconino,Williams,86004,English,1
40fb585cba70d213,David,Ortiz,david.ortiz2916,1992-09-19,Coconino,Williams,86004,English,1
1a8be450630ac512,Miguel,Flores,miguel.flores713,1980-12-28,Coconino,Page,86004,English,1
f0d0c7e82a4c15dc,Natalie,Gomez,natalie.gomez5375,1999-12-19,Coconino,Page,86011,English,1
e94ded630c26acbd,Alex,Ortiz,alex.ortiz11,2008-05-22,Coconino,Page,86011,English,1
fda304b87aa80784,Valeria,Ortiz,valeria.ortiz273,1946-02-14,Coconino,Williams,86001,English,1
76b3edde99659918,Valeria,Martinez,valeria.martinez7779,1968-08-20,Coconino,Flagstaff,86001,English,1
c9ff76b988b274d7,Carlos,Ruiz,carlos.ruiz6517,1979-07-21,Coconino,Flagstaff,86011,English,1
ec34f58ce7c5829a,Mateo,Molina,mateo.molina5227,1945-12-13,Coconino,Page,86001,Spanish,1
a1c355b312977bf9,Valeria,Garcia,valeria.garcia1535,1990-08-16,Coconino,Page,86001,English,1
184b1a931c52abff,Hannah,Gonzalez,hannah.gonzalez3739,2009-11-13,Coconino,Williams,86004,English,1
33e7407aee200297,Noah,Gomez,noah.gomez8441,1991-02-19,Coconino,Page,86004,English,1
7ea7f77335478066,Grace,Rivera,grace.rivera7055,1956-05-26,Coconino,Williams,86004,English,1
e2258e2a60b012ab,Isabella,Reyes,isabella.reyes6960,1943-06-16,Coconino,Page,86001,English,1
5392d1ed54d68c1e,Luna,Mendoza,luna.mendoza5361,1993-03-08,Coconino,Williams,86011,English,1
c966ef4d6d7f832b,Carlos,Gonzalez,carlos.gonzalez3348,2015-10-10,Coconino,Flagstaff,86004,English,1
4e22747e596c6256,Olivia,Gomez,olivia.gomez5933,1951-08-15,Coconino,Page,86004,English,1
dfbb1851e5782835,David,Martinez,david.martinez3303,1984-05-06,Coconino,Page,86004,English,1
6acb7cde893d48fb,Aiden,Ramirez,aiden.ramirez710,1964-08-01,Coconino,Williams,86004,Navajo,1
cdc3fa2f945e88da,Ethan,Aguilar,ethan.aguilar5759,2024-08-02,Coconino,Williams,86001,Spanish,1
e59bc93d3788da26,Aiden,Silva,aiden.silva7315,1966-02-19,Coconino,Flagstaff,86004,English,1
679dd2d3f935e911,Alex,Reyes,alex.reyes653,1953-12-05,Coconino,Flagstaff,86001,English,1
dba396a9a94a4265,Noah,Reyes,noah.reyes9100,2023-01-24,Coconino,Williams,86004,English,1
4778324acc09fd71,Emma,Garcia,emma.garcia9709,1991-10-23,Coconino,Flagstaff,86001,Navajo,1
cdebbe61e227eccc,Ava,Perez,ava.perez9694,1969-01-04,Coconino,Williams,86011,Spanish,1
bd1067d544e2c8eb,Liam,Delgado,liam.delgado9842,1960-09-03,Coconino,Flagstaff,86011,English,1
9b105ba9032c2aa4,David,Molina,david.molina5891,2010-01-25,Coconino,Page,86004,Spanish,1
77970e292c01256d,Noah,Garcia,noah.garcia2091,1952-03-25,Coconino,Williams,86001,English,1
05015a2355896a4f,Noah,Dominguez,noah.dominguez7112,1981-11-30,Coconino,Flagstaff,86011,English,1
f1466f0bd427c5ee,Leah,Aguilar,leah.aguilar2684,1990-07-06,Coconino,Page,86004,English,1
67250dedbe3cc887,Aria,Lopez,aria.lopez2883,1996-12-26,Coconino,Flagstaff,86004,English,1
222aa280f60f4ce9,Javier,Castillo,javier.castillo1027,1990-02-07,Coconino,Flagstaff,86011,Spanish,1
ff4035091615b71e,Ethan,Garcia,ethan.garcia2259,2021-12-29,Coconino,Williams,86004,English,1
6ee7f424f8e350b8,Alex,Garcia,alex.garcia2281,2000-01-10,Coconino,Williams,86011,Spanish,1
1ef05c7ac24b2d1c,Liam,Aguilar,liam.aguilar7187,2003-11-01,Coconino,Flagstaff,86011,Spanish,1
a4ed264850a108a7,David,Vega,david.vega5893,1976-04-08,Coconino,Page,86001,Spanish,1
ad8007e71d427554,Nora,Hernandez,nora.hernandez3410,1971-03-15,Coconino,Williams,86004,Spanish,1
48685452ca5bbda1,Javier,Morales,javier.morales3285,1978-05-21,Coconino,Williams,86001,English,1
c9c5d62c71d228d3,Luna,Garcia,luna.garcia8712,1980-04-13,Coconino,Flagstaff,86001,Spanish,1
d9b6272a74f7f5b4,Luna,Sanchez,luna.sanchez2125,2016-10-18,Coconino,Page,86001,English,1
a9ee22137970fe7c,Ethan,Perez,ethan.perez7864,1958-10-04,Coconino,Page,86011,English,1
e6224596f1796a55,Liam,Vasquez,liam.vasquez2224,1999-01-18,Coconino,Page,86001,English,1
206c9f079f503e6e,Luna,Navarro,luna.navarro4511,2003-01-20,Coconino,Flagstaff,86004,English,1
6ef8b3e698c87a0b,Hannah,Aguilar,hannah.aguilar7157,2016-09-05,Coconino,Page,86004,Spanish,1
020a30f5101dcaad,Ana,Ruiz,ana.ruiz980,1985-03-06,Coconino,Page,86004,English,1
22a4aaa5e43a491b,Luna,Rivera,luna.rivera9983,1967-05-20,Coconino,Williams,86011,English,1
1702f181505264a1,Emma,Garcia,emma.garcia7104,1981-11-12,Coconino,Williams,86011,English,1
dcc6d5e6fc928f34,Natalie,Gomez,natalie.gomez8693,1977-08-11,Coconino,Page,86001,Navajo,1
73ae8198f5b25c82,Miguel,Gomez,miguel.gomez5141,1952-02-18,Coconino,Williams,86011,English,1
bfe17f7f8b78a145,Grace,Flores,grace.flores6168,1949-07-14,Coconino,Page,86004,English,1
161d56ba794f4caa,Mia,Ramirez,mia.ramirez8987,1957-08-14,Coconino,Page,86001,English,1
b700065a99ed8557,Hannah,Gonzalez,hannah.gonzalez358,1987-12-06,Coconino,Williams,86011,English,1
6b53de52868dde87,Ava,Mendoza,ava.mendoza5631,2003-06-26,Coconino,Page,86011,English,1
45f0be74814763e2,Hannah,Cruz,hannah.cruz9700,1978-03-22,Coconino,Williams,86011,Spanish,1
a9876ea3f5c3d77d,Olivia,Rivera,olivia.rivera1597,2009-06-08,Coconino,Page,86004,English,1
0493afdb4fb24f0f,Isabella,Dominguez,isabella.dominguez506,1964-08-31,Coconino,Williams,86011,English,1
a03693f96ef1c749,Alex,Reyes,alex.reyes7724,1956-06-18,Coconino,Page,86004,English,1
7dc1080d4b19db8b,Julian,Ramos,julian.ramos5074,1998-02-28,Coconino,Flagstaff,86011,English,1
26e53271d0bf6f70,Carlos,Ramos,carlos.ramos6520,1983-12-13,Coconino,Flagstaff,86004,English,1
6716ca2ccd7248a4,Alex,Silva,alex.silva8623,1946-02-19,Coconino,Page,86011,English,1
c1b53c37f07a8f33,Olivia,Dominguez,olivia.dominguez7225,1996-08-17,Coconino,Flagstaff,86011,English,1
3263fd02f788574f,Javier,Torres,javier.torres9859,1955-02-12,Coconino,Page,86011,Spanish,1
4036244890c7a4c3,Natalie,Molina,natalie.molina8957,1943-12-25,Coconino,Page,86011,English,1
53000a4fbc509852,Mateo,Silva,mateo.silva8614,1948-07-20,Coconino,Williams,86011,Spanish,1
f3f605f23c7b0874,Ava,Dominguez,ava.dominguez255,1976-10-23,Coconino,Williams,86004,English,1
7ccbc5e2aed3f4e6,Maria,Ruiz,maria.ruiz8312,1998-05-02,Coconino,Williams,86011,Spanish,1
656d35202e37c883,Mason,Lopez,mason.lopez7569,1984-12-02,Coconino,Flagstaff,86001,Spanish,1
34d7da7d2c1680d9,Julian,Mendoza,julian.mendoza1235,1977-11-30,Coconino,Williams,86011,English,1
eab6ada6f799d2c8,Miguel,Cruz,miguel.cruz7347,2017-03-01,Coconino,Williams,86011,Navajo,1
7ebe1d4b3f515d8f,Sebastian,Sanchez,sebastian.sanchez7997,1991-02-23,Coconino,Flagstaff,86004,English,1
a1d7776e730949f3,Sebastian,Vasquez,sebastian.vasquez6840,1993-08-01,Coconino,Flagstaff,86004,English,1
0e142fdcffeab0b4,Natalie,Molina,natalie.molina8848,2011-04-09,Coconino,Page,86004,English,1
fcc1f7fb506df9c5,Ava,Reyes,ava.reyes8879,1990-08-14,Coconino,Page,86001,Spanish,1
f8d52afad765bb09,Emma,Reyes,emma.reyes5741,1988-11-07,Coconino,Flagstaff,86011,Spanish,1
faa36d8251597623,Natalie,Dominguez,natalie.dominguez1658,1998-04-23,Coconino,Flagstaff,86011,Spanish,1
fefce3fca0daeab9,Adrian,Navarro,adrian.navarro8694,1978-10-01,Coconino,Page,86011,English,1
bdb63895b15d3c66,Nora,Perez,nora.perez8121,1958-06-13,Coconino,Williams,86011,English,1
65bdead3d23a6fdf,Julian,Ortiz,julian.ortiz9438,1965-06-18,Coconino,Williams,86001,Spanish,1
c8e84f170c8170c3,Jose,Perez,jose.perez2123,1941-12-26,Coconino,Williams,86001,English,1
a3f78c9498e62413,Daniel,Mendoza,daniel.mendoza7068,2003-02-18,Coconino,Page,86001,English,1
26b9daae0c5f5027,Isabella,Ruiz,isabella.ruiz844,1948-08-20,Coconino,Page,86011,English,1
71b4752974974033,David,Romero,david.romero3969,1942-11-22,Coconino,Page,86011,Spanish,1
e268e64afc2767f8,Gabriel,Cruz,gabriel.cruz5117,2004-08-18,Coconino,Williams,86001,English,1
d5258dadc2062d42,Maria,Ortiz,maria.ortiz8274,2010-03-24,Coconino,Flagstaff,86004,English,1
561fe6b61891cf85,Noah,Gomez,noah.gomez8500,2014-02-19,Coconino,Williams,86004,English,1
2b2bf2869eacff20,Mia,Garcia,mia.garcia5781,1988-12-15,Coconino,Flagstaff,86011,English,1
a88a8cf088fd87aa,Camila,Gomez,camila.gomez2325,2022-06-29,Coconino,Page,86011,English,1
425d137c69d5aac0,Adrian,Gomez,adrian.gomez1348,1975-06-08,Coconino,Flagstaff,86004,English,1
6146b5ddd8c04a0e,Luna,Aguilar,luna.aguilar9095,1953-03-28,Coconino,Page,86004,English,1
3f4cc829fe794b4d,Grace,Lopez,grace.lopez7097,2023-06-20,Coconino,Flagstaff,86001,English,1
37f021e78b16c469,Daniel,Gomez,daniel.gomez2329,2018-04-28,Coconino,Page,86011,English,1
8ff927793fae7f3d,Samuel,Romero,samuel.romero2763,2014-10-01,Coconino,Williams,86001,Navajo,1
dcb331fd7de9ada1,Aiden,Ramos,aiden.ramos3417,1964-03-28,Coconino,Flagstaff,86011,English,1
e6a5291cb188b0dd,Noah,Torres,noah.torres112,1974-02-28,Coconino,Williams,86001,English,1
3ac58dc4c06d75c1,Aria,Aguilar,aria.aguilar3235,1974-12-29,Coconino,Flagstaff,86004,Spanish,1
07e1ba3a66ad957a,Mason,Lopez,mason.lopez5570,1959-01-19,Coconino,Williams,86011,English,1
e4f7a7f4a65e7a19,Ethan,Ramirez,ethan.ramirez8444,1950-04-01,Coconino,Flagstaff,86011,English,1
5000d650859986ae,Daniel,Hernandez,daniel.hernandez9797,1975-10-30,Coconino,Williams,86004,English,1
d0adb9ff69825c18,Carlos,Martinez,carlos.martinez1811,1947-10-18,Coconino,Page,86004,English,1
d634d60efb3835f6,Ariana,Gomez,ariana.gomez20,2009-10-21,Coconino,Flagstaff,86001,Spanish,1
2cd44fa1331d113e,Ava,Sanchez,ava.sanchez7886,2008-02-22,Coconino,Williams,86001,English,1
81b71bad263202cd,Elena,Romero,elena.romero9826,1998-12-02,Coconino,Flagstaff,86011,English,1
604bb2d62154b947,Olivia,Garcia,olivia.garcia8259,2002-03-24,Coconino,Page,86004,Spanish,1
eae3f6b9b70a42e0,Ethan,Silva,ethan.silva138,2002-10-07,Coconino,Page,86011,Spanish,1
9f731b2acd1c5a49,David,Hernandez,david.hernandez1365,1989-06-22,Coconino,Page,86004,Spanish,1
eceabaee264e5930,Miguel,Mendoza,miguel.mendoza3363,1942-02-09,Coconino,Williams,86004,Spanish,1
f7c97c1249ceef18,Javier,Gonzalez,javier.gonzalez4808,1957-10-15,Coconino,Williams,86004,English,1
4d6cdfa20fc73fc7,Luna,Cruz,luna.cruz9772,1984-06-21,Coconino,Page,86004,English,1
a264c033eccdef23,Javier,Gomez,javier.gomez8125,2006-02-05,Coconino,Page,86011,English,1
37442f57d2a9226a,Lucas,Aguilar,lucas.aguilar1968,1969-06-30,Coconino,Page,86001,English,1
7364f48dedfdc95e,Mateo,Hernandez,mateo.hernandez8316,1978-06-17,Coconino,Page,86001,Spanish,1
4e4a643246b10fc5,Olivia,Ramos,olivia.ramos3311,2019-10-09,Coconino,Flagstaff,86004,English,1
545c046c093c17c4,Alex,Torres,alex.torres3491,1941-02-20,Coconino,Williams,86001,English,1
32d1a1470238405f,Hannah,Aguilar,hannah.aguilar91,1971-11-23,Coconino,Flagstaff,86004,English,1
3c0147de748735a9,Isabella,Ramos,isabella.ramos4200,1989-07-14,Coconino,Flagstaff,86001,English,1
88efe165f07b904c,Leah,Martinez,leah.martinez443,1978-11-27,Coconino,Williams,86004,English,1
9c0f9f9b203c2459,David,Perez,david.perez8535,2009-03-24,Coconino,Page,86001,Spanish,1
7ceb5eb4dfefd61f,Aria,Gomez,aria.gomez4659,1993-08-18,Coconino,Page,86004,Spanish,1
c80bd9071260daf3,Diego,Aguilar,diego.aguilar4856,2006-06-30,Coconino,Flagstaff,86011,English,1
4ade5187f39295a5,Samuel,Vega,samuel.vega6346,1940-05-21,Coconino,Williams,86011,English,1
ba75635f5ec13734,Liam,Ramos,liam.ramos1939,1976-11-10,Coconino,Flagstaff,86004,English,1
4af9d5d8c0375875,Nora,Romero,nora.romero5212,2022-10-21,Coconino,Flagstaff,86001,Spanish,1
47113351949cd71b,Carlos,Molina,carlos.molina1738,1960-03-24,Coconino,Flagstaff,86001,English,1
1ab420fc8b4c6602,David,Mendoza,david.mendoza8298,2018-12-23,Coconino,Williams,86011,English,1
8f7731b6acf303c2,Grace,Perez,grace.perez2303,1985-05-15,Coconino,Williams,86004,English,1
e49ae4893483107d,Adrian,Molina,adrian.molina4817,1945-12-21,Coconino,Page,86011,Spanish,1
a61d25132fceb5a0,Alex,Ramos,alex.ramos8447,1991-08-26,Coconino,Page,86001,English,1
7534146c98b6a11f,Olivia,Perez,olivia.perez1189,1940-11-10,Coconino,Page,86004,English,1
20e92324c517aedd,Grace,Hernandez,grace.hernandez6212,1951-02-10,Coconino,Williams,86011,Navajo,1
7d9599ac4de58cb5,Carlos,Perez,carlos.perez7395,2018-05-05,Coconino,Flagstaff,86011,English,1
8dc49862addce602,Chloe,Perez,chloe.perez1991,1980-07-16,Coconino,Page,86011,Spanish,1
c1ada8a23d33d38e,Aria,Perez,aria.perez8479,1971-09-18,Coconino,Williams,86004,English,1
35e2c1b385c55770,Ava,Gonzalez,ava.gonzalez7796,2022-07-05,Coconino,Flagstaff,86004,Navajo,1
8d597aee1a3c50e8,Diego,Rivera,diego.rivera3499,1996-07-24,Coconino,Williams,86004,Spanish,1
d8585e18f9f4b4a5,Hannah,Aguilar,hannah.aguilar7858,1971-03-20,Coconino,Williams,86001,Spanish,1
7c22c3979977416b,Adrian,Ramos,adrian.ramos3008,1990-11-04,Coconino,Flagstaff,86001,English,1
07d0f1d79b7f61c2,Mia,Reyes,mia.reyes4668,1972-03-29,Coconino,Flagstaff,86004,English,1
68256f222b2e33f0,David,Martinez,david.martinez2929,1987-06-05,Coconino,Williams,86001,Spanish,1
c6f4dce79f81c852,Olivia,Flores,olivia.flores8137,1950-11-10,Coconino,Williams,86011,Spanish,1
c999ed4f713f974e,Ariana,Gomez,ariana.gomez4157,1992-12-05,Coconino,Williams,86001,Spanish,1
8985d4f54b2a262e,Adrian,Martinez,adrian.martinez7558,2015-01-07,Coconino,Williams,86001,English,1
8950cac3e1e8ef02,Chloe,Hernandez,chloe.hernandez7284,1998-12-05,Coconino,Page,86011,English,1
794e5ca32a950133,Leah,Vega,leah.vega261,1941-09-24,Coconino,Flagstaff,86004,English,1
4cbb5ad8b331534d,Maria,Aguilar,maria.aguilar2868,1940-07-15,Coconino,Flagstaff,86011,Spanish,1
4116452b599ae127,Liam,Diaz,liam.diaz3746,1996-12-12,Coconino,Flagstaff,86004,English,1
c2ca3d2cfc1b07dd,Aiden,Perez,aiden.perez6625,2015-07-17,Coconino,Flagstaff,86011,English,1
630aa86f2cc27357,Adrian,Silva,adrian.silva634,1959-04-09,Coconino,Page,86001,English,1
e86ba129a3210efa,Hannah,Ramos,hannah.ramos9817,2004-06-24,Coconino,Williams,86004,English,1
2267bb76a2f2b8aa,Ana,Navarro,ana.navarro1989,1949-03-20,Coconino,Williams,86001,English,1
3dce084b7484eb26,Ava,Lopez,ava.lopez2322,1983-01-28,Coconino,Page,86004,English,1
cdff0519cb581fad,Lucas,Molina,lucas.molina5054,1948-03-14,Coconino,Williams,86004,English,1
182ed2f3a47de24c,Leah,Reyes,leah.reyes9975,1971-10-01,Coconino,Flagstaff,86011,English,1
0477a6b45a04c3f1,Diego,Navarro,diego.navarro8940,1957-10-19,Coconino,Page,86001,Spanish,1
1fd5d1775deea5d5,Miguel,Gomez,miguel.gomez9098,1978-06-09,Coconino,Page,86001,Spanish,1
5d9908e2dffcabc0,Olivia,Vasquez,olivia.vasquez3604,2006-03-08,Coconino,Flagstaff,86001,English,1
7ae4eabff71d5e7f,Elena,Lopez,elena.lopez1743,1948-12-18,Coconino,Flagstaff,86011,English,1
84df3074d8fab317,Isabella,Ramirez,isabella.ramirez893,1967-07-05,Coconino,Williams,86004,Navajo,1
f874a72b2d8a8847,Gabriel,Torres,gabriel.torres7069,1990-04-06,Coconino,Williams,86001,English,1
f4835a9a70a415b5,Isabella,Diaz,isabella.diaz4530,1966-10-27,Coconino,Williams,86001,English,1
33640502ced111fd,Camila,Perez,camila.perez9117,1995-07-12,Coconino,Page,86004,English,1
c5ffd3ab313124f5,Luna,Martinez,luna.martinez501,1991-04-30,Coconino,Flagstaff,86001,Spanish,1
b3d83d55ae5ecdaa,Leah,Silva,leah.silva5621,1957-05-27,Coconino,Flagstaff,86001,English,1
035a6080e38ab4a5,Daniel,Silva,daniel.silva5504,1991-10-11,Coconino,Page,86001,Spanish,1
29ac29ab190be965,Leah,Martinez,leah.martinez6977,1988-11-13,Coconino,Flagstaff,86011,English,1
63e25b5811cc3dff,Samuel,Hernandez,samuel.hernandez7213,1961-06-17,Coconino,Page,86001,English,1
a76262646214bf36,Lucas,Flores,lucas.flores7226,1982-02-04,Coconino,Flagstaff,86011,English,1
21750ebb5a0abea2,David,Lopez,david.lopez7372,1953-09-17,Coconino,Page,86011,English,1
5c8acf7ea8811206,Miguel,Delgado,miguel.delgado5708,1982-10-18,Coconino,Flagstaff,86001,Navajo,1
3553636c898c9f4d,Samuel,Sanchez,samuel.sanchez6792,1944-10-24,Coconino,Flagstaff,86004,English,1
9b3aa68e8fc7f4ac,Camila,Mendoza,camila.mendoza4158,1990-06-27,Coconino,Williams,86004,Navajo,1
1d397ba5a1a4f2b3,Leah,Gonzalez,leah.gonzalez6754,1987-04-21,Coconino,Williams,86004,Spanish,1
e38155a198fbdeee,Olivia,Ortiz,olivia.ortiz4285,2002-07-16,Coconino,Page,86001,English,1
6056b849f7da576f,Miguel,Perez,miguel.perez8917,1982-07-11,Coconino,Page,86011,English,1
5a36f7140cf99ed6,Alex,Lopez,alex.lopez3423,1981-09-08,Coconino,Page,86001,English,1
3da964a092898761,Emma,Garcia,emma.garcia5123,2017-10-31,Coconino,Flagstaff,86011,English,1
d0a092636e549cff,Mia,Aguilar,mia.aguilar4556,2018-01-30,Coconino,Williams,86004,English,1
cd63268a6897b904,Lucas,Hernandez,lucas.hernandez9194,1947-01-04,Coconino,Williams,86011,English,1
18c69e55f14534de,Ava,Ramirez,ava.ramirez3268,2022-02-23,Coconino,Page,86011,English,1
fca36e690f284de5,Olivia,Molina,olivia.molina8733,2002-05-25,Coconino,Williams,86004,English,1
23274dcc942060c4,Liam,Navarro,liam.navarro5903,2010-07-07,Coconino,Flagstaff,86004,English,1
29d275a60049e2eb,Jose,Diaz,jose.diaz8022,1972-05-05,Coconino,Williams,86001,English,1
65ad656bf024cc38,Aria,Lopez,aria.lopez1396,1942-08-31,Coconino,Williams,86011,English,1
d95a7c51d1393869,Luna,Delgado,luna.delgado1929,1990-07-30,Coconino,Page,86004,English,1
b58e54c1d97112ac,Ethan,Flores,ethan.flores4669,1954-02-27,Coconino,Williams,86004,Spanish,1
ec06e17a3bfb8c95,Noah,Dominguez,noah.dominguez2848,1962-11-06,Coconino,Williams,86011,English,1
4b606af2546c19d8,Aiden,Delgado,aiden.delgado9910,2020-01-11,Coconino,Page,86011,English,1
a150352391dafea0,Aiden,Gomez,aiden.gomez2792,2001-08-16,Coconino,Williams,86001,English,1
f7437c12e2c00dd3,Carlos,Ramirez,carlos.ramirez553,1977-07-17,Coconino,Flagstaff,86001,Spanish,1
3dd4a79037f6d785,Grace,Rivera,grace.rivera1959,1964-05-28,Coconino,Flagstaff,86001,English,1
9394a90f901dd010,Daniel,Ramos,daniel.ramos4783,1953-12-08,Coconino,Williams,86004,Spanish,1
cac8f48788cc65a7,Grace,Flores,grace.flores9184,1954-05-22,Coconino,Williams,86001,Navajo,1
7997a16428a815aa,Liam,Ramos,liam.ramos9651,1955-12-04,Coconino,Page,86011,English,1
a04730f1a561afb4,Jose,Gonzalez,jose.gonzalez8291,1993-08-11,Gila,Miami,85553,English,1
9eefe17770ab62e7,Sofia,Diaz,sofia.diaz7127,1998-01-13,Gila,Payson,85541,English,1
5f7bb372b116e620,Mason,Ramos,mason.ramos7286,1968-04-17,Gila,Miami,85553,Spanish,1
aa313d463c29f8a3,Emma,Mendoza,emma.mendoza4028,2012-09-07,Gila,Globe,85553,English,1
daeac57f8573742f,Ava,Aguilar,ava.aguilar468,1976-12-21,Gila,Miami,85501,Spanish,1
ed4cfef07a9445ca,Grace,Garcia,grace.garcia253,1969-07-27,Gila,Payson,85541,English,1
82bae8404684f783,Carlos,Ramos,carlos.ramos4595,1993-04-21,Gila,Miami,85553,English,1
358f9110861368e7,Camila,Lopez,camila.lopez1203,1984-01-23,Gila,Globe,85553,English,1
5874c0f96aedeb7d,Lucas,Romero,lucas.romero744,1943-08-17,Gila,Globe,85541,English,1
c2fab22d782f8189,Jose,Castillo,jose.castillo4014,1973-03-04,Gila,Payson,85541,Spanish,1
3d2097ba58715c55,Jose,Dominguez,jose.dominguez425,2007-12-21,Gila,Miami,85553,English,1
643e6eb4aec8763b,Emma,Rivera,emma.rivera9410,1967-12-24,Gila,Globe,85541,English,1
752ed40f447fc635,Olivia,Romero,olivia.romero4061,1944-05-23,Gila,Globe,85541,Spanish,1
7263054e419d9a69,Samuel,Romero,samuel.romero6773,2008-05-23,Gila,Payson,85553,English,1
56250cd55fb409f2,Aiden,Lopez,aiden.lopez7143,2001-09-24,Gila,Miami,85501,English,1
b0fb36acc3b75d1a,Hannah,Vega,hannah.vega3257,2005-06-07,Gila,Globe,85501,Spanish,1
2c99f4b83c30edda,Samuel,Garcia,samuel.garcia2927,1989-04-01,Gila,Payson,85553,English,1
03ce4ab5de07a333,Javier,Diaz,javier.diaz2962,1998-01-13,Gila,Miami,85541,English,1
34d6b6ecb98072ac,Valeria,Torres,valeria.torres5112,1983-01-04,Gila,Miami,85553,English,1
a1be867ad482f8db,Sofia,Vega,sofia.vega6725,1993-02-12,Gila,Miami,85541,English,1
6c339e96f8337533,Sebastian,Molina,sebastian.molina9148,1979-12-23,Gila,Payson,85541,English,1
f7f320ecce195d5c,Hannah,Romero,hannah.romero3960,2002-11-28,Gila,Payson,85501,English,1
e4476ec568d770f6,Daniel,Reyes,daniel.reyes3044,1981-08-26,Gila,Payson,85541,English,1
4b8a8e11639e6a4a,Alex,Castillo,alex.castillo1359,1978-06-30,Gila,Globe,85553,English,1
bada94193d5aa3c1,Elena,Cruz,elena.cruz2135,1976-11-12,Gila,Payson,85553,English,1
5300d507a5628a1a,Ariana,Torres,ariana.torres7099,1999-02-03,Gila,Payson,85553,English,1
17efa99962eeef15,Sofia,Mendoza,sofia.mendoza4814,2020-02-02,Gila,Payson,85541,English,1
a9bfc19f52880544,Jose,Silva,jose.silva5490,1966-11-10,Gila,Miami,85553,English,1
6ce7702b8c39b7e1,Aria,Flores,aria.flores2093,2015-08-26,Gila,Payson,85501,English,1
4a3f71ab64ffe86d,Samuel,Garcia,samuel.garcia3231,1962-03-11,Gila,Globe,85501,English,1
6517f1ac8f9ead66,Valeria,Aguilar,valeria.aguilar4001,1950-06-09,Gila,Miami,85501,Spanish,1
e74411954bad24a8,Sofia,Rivera,sofia.rivera1586,2017-07-04,Gila,Globe,85501,English,1
9e3c22ee50f8da52,Adrian,Perez,adrian.perez6415,1986-09-14,Gila,Miami,85541,English,1
b1ac213ba284bd61,Lucas,Ramirez,lucas.ramirez124,1966-03-21,Gila,Miami,85541,English,1
9e93c52cc7400d56,Maria,Torres,maria.torres293,1972-05-10,Gila,Globe,85501,English,1
82cfa068cb03f9ab,Carlos,Reyes,carlos.reyes7778,2017-07-04,Gila,Payson,85541,English,1
1fa27ff84c02a637,Nora,Silva,nora.silva9941,1984-03-01,Gila,Globe,85501,English,1
6666b2f4812eb83e,Isabella,Flores,isabella.flores8540,2005-11-18,Gila,Payson,85501,English,1
310009682cfcc954,Adrian,Reyes,adrian.reyes1451,1980-11-28,Gila,Miami,85541,English,1
8506026375e0b0e8,Diego,Vasquez,diego.vasquez8630,1960-02-01,Gila,Payson,85541,English,1
5e68c85581d864f6,Ana,Ramos,ana.ramos5884,2007-10-26,Gila,Globe,85501,Spanish,1
f024518eb790735c,Ariana,Ruiz,ariana.ruiz4446,1952-10-18,Gila,Payson,85553,English,1
d92bacaf06484201,Daniel,Vega,daniel.vega6675,2012-06-10,Gila,Payson,85553,English,1
f1b5dde143bb95b3,Leah,Reyes,leah.reyes4254,1950-06-03,Gila,Miami,85501,English,1
efe82bce87c270ac,Olivia,Ortiz,olivia.ortiz5706,2005-06-03,Gila,Miami,85553,Spanish,1
46eb0471e555fb00,Alex,Gomez,alex.gomez3449,1949-03-09,Gila,Globe,85501,English,1
621b9c9a73151140,Elena,Ortiz,elena.ortiz4519,1942-09-28,Gila,Payson,85541,English,1
7088fa9d2f2597c8,Liam,Navarro,liam.navarro1995,1949-03-10,Gila,Miami,85501,English,1
4c0363c606fe8f72,Gabriel,Garcia,gabriel.garcia3899,1972-12-25,Gila,Miami,85553,Spanish,1
8b53e201c9153ce2,Mia,Hernandez,mia.hernandez5542,1992-08-21,Gila,Miami,85501,English,1
928c6c592868d6da,Lucas,Castillo,lucas.castillo3768,2021-11-23,Gila,Globe,85501,English,1
27336400d3e91cf5,Carlos,Rivera,carlos.rivera4994,1948-01-30,Gila,Miami,85501,English,1
271470bf4566d0f1,Liam,Aguilar,liam.aguilar9830,2020-04-15,Gila,Globe,85553,English,1
950d183e50f96f8c,Isabella,Martinez,isabella.martinez3709,2019-03-23,Gila,Payson,85553,English,1
4149f550c4b1dda5,Gabriel,Mendoza,gabriel.mendoza5369,1964-01-10,Gila,Payson,85541,English,1
99772168177852e7,Elena,Morales,elena.morales9824,1978-10-27,Gila,Miami,85541,Navajo,1
a30ef9936ecc54b8,Julian,Ortiz,julian.ortiz8861,1999-02-27,Gila,Payson,85553,English,1
ea9d3d96d2d41b87,Grace,Delgado,grace.delgado9288,1967-05-11,Gila,Payson,85501,English,1
ffd6d990b110f84e,Elena,Ortiz,elena.ortiz6908,1958-08-29,Gila,Payson,85553,English,1
01459a36c53f829b,Isabella,Torres,isabella.torres9836,2018-07-11,Gila,Miami,85501,Spanish,1
3a492134102675b9,Ava,Dominguez,ava.dominguez7447,1957-04-16,Gila,Payson,85553,English,1
01c1c737d310ca50,Grace,Flores,grace.flores2779,1976-03-04,Gila,Payson,85541,Spanish,1
6aba55766e1cdc64,Ariana,Morales,ariana.morales3656,2008-05-07,Gila,Miami,85553,English,1
a35e50cbd700c027,Ethan,Ramos,ethan.ramos3096,2002-10-03,Gila,Miami,85553,English,1
ff18922d1bb12fb2,Leah,Dominguez,leah.dominguez9557,2016-03-21,Gila,Payson,85501,English,1
ae3ff1568c1cb3d4,Mason,Ramirez,mason.ramirez2265,2004-10-29,Gila,Payson,85501,English,1
cd5d20a08c001ac0,Gabriel,Ramirez,gabriel.ramirez4956,2007-03-19,Gila,Miami,85541,English,1
80159561e552dd11,Carlos,Flores,carlos.flores7114,2022-01-06,Gila,Payson,85541,English,1
b63f3b7b503f0e64,Aiden,Ortiz,aiden.ortiz542,1964-12-19,Gila,Payson,85501,Spanish,1
dd09f8411aea8fef,Gabriel,Martinez,gabriel.martinez2131,1967-05-26,Gila,Payson,85501,English,1
7eb36126faa4ad49,Ava,Garcia,ava.garcia5253,2010-06-25,Gila,Payson,85501,Navajo,1
117989ec530b110f,Hannah,Ramirez,hannah.ramirez5701,2022-04-20,Gila,Payson,85553,English,1
db891be54a36c088,Alex,Rivera,alex.rivera5000,1968-12-21,Gila,Globe,85501,English,1
b9855431d44b9ed5,Alex,Castillo,alex.castillo8958,1953-05-24,Gila,Globe,85501,Spanish,1
5140a7478a901d32,Sebastian,Mendoza,sebastian.mendoza5327,1984-03-17,Gila,Globe,85541,English,1
d72766b12c5ceab7,Olivia,Perez,olivia.perez3728,1979-08-30,Gila,Miami,85541,English,1
89d0d1e1de304d32,Javier,Castillo,javier.castillo685,1973-03-31,Gila,Miami,85501,Spanish,1
773fff3666442d7c,Miguel,Aguilar,miguel.aguilar7717,2001-06-30,Gila,Miami,85501,Spanish,1
0153e43af9d876c4,Natalie,Gonzalez,natalie.gonzalez3072,2006-04-24,Gila,Miami,85541,English,1
a994f4870b8318d0,Grace,Hernandez,grace.hernandez8684,2020-01-30,Gila,Globe,85501,English,1
78fca518ff1c73cf,Leah,Vega,leah.vega4140,1949-09-15,Gila,Miami,85553,English,1
f86982cb1d9862a4,Jose,Gonzalez,jose.gonzalez4374,1961-04-02,Gila,Payson,85541,Spanish,1
2ec0287557493ba8,Carlos,Molina,carlos.molina7151,2016-01-14,Gila,Payson,85501,English,1
a47a0b46b9a3d5d3,Valeria,Ortiz,valeria.ortiz4286,1954-10-01,Gila,Globe,85553,English,1
341b944c185f82d1,Carlos,Lopez,carlos.lopez8506,1949-08-29,Gila,Globe,85541,English,1
8cb7d55e936518f9,Diego,Perez,diego.perez6106,2013-09-12,Gila,Miami,85501,English,1
7892968b22fba8e8,Nora,Silva,nora.silva4390,1945-03-06,Gila,Globe,85541,English,1
6a21e6756a72403f,Elena,Dominguez,elena.dominguez6726,2004-04-25,Gila,Globe,85501,English,1
29364a47d72f4525,Noah,Lopez,noah.lopez8329,2021-04-22,Gila,Globe,85553,English,1
0cd55fee3c402fa9,Alex,Ramirez,alex.ramirez3268,2006-09-29,Gila,Globe,85553,English,1
a15edcbd321752d5,Ariana,Molina,ariana.molina8125,1999-06-27,Gila,Payson,85501,Spanish,1
32dfba941006616b,Grace,Castillo,grace.castillo8281,1963-12-27,Gila,Payson,85553,English,1
e218ab5cdd8f4373,Ethan,Sanchez,ethan.sanchez1704,1955-11-29,Gila,Miami,85541,English,1
eb73d08aa908d228,Aria,Ramos,aria.ramos9519,1986-05-05,Gila,Miami,85553,Spanish,1
bf79c3ffd639ceb6,Elena,Dominguez,elena.dominguez3402,1989-09-07,Gila,Miami,85553,English,1
c902548a8b99e354,Aiden,Ramirez,aiden.ramirez6817,1956-12-21,Gila,Payson,85541,Spanish,1
675d87a6866730b0,Liam,Torres,liam.torres994,1970-01-21,Gila,Payson,85541,Spanish,1
9742df35b045cf4f,Javier,Martinez,javier.martinez1637,1965-01-24,Gila,Globe,85501,English,1
93a6b69fd9e13a24,Valeria,Garcia,valeria.garcia5722,1950-04-01,Gila,Payson,85553,English,1
934e456c8b811ad6,Javier,Hernandez,javier.hernandez67,1990-10-25,Gila,Globe,85501,English,1
7f9e5d6e15872bc5,Diego,Hernandez,diego.hernandez5570,1949-05-18,Gila,Miami,85541,Spanish,1
8850f0d84a9dc3e5,Diego,Navarro,diego.navarro8593,1953-02-15,Gila,Globe,85553,Spanish,1
a209ca4b65e8bcb8,Luna,Reyes,luna.reyes4520,2016-04-13,Gila,Payson,85553,English,1
36a99b21cef24030,Carlos,Sanchez,carlos.sanchez3200,1951-07-02,Gila,Payson,85541,Spanish,1
02ff08837557ddf2,Liam,Delgado,liam.delgado2258,1964-03-29,Gila,Globe,85541,English,1
445854f52581c268,Maria,Gonzalez,maria.gonzalez7638,1981-03-18,Gila,Globe,85541,Spanish,1
b917cd98447e8bb5,Mia,Morales,mia.morales3909,2001-04-23,Gila,Miami,85553,Spanish,1
d55ead463305bbbd,Elena,Reyes,elena.reyes3168,1985-11-04,Gila,Miami,85553,English,1
ee681d43bb4d0e49,Chloe,Reyes,chloe.reyes4671,1944-02-25,Gila,Globe,85541,English,1
f530cc3c3abbe38e,Julian,Torres,julian.torres1804,1964-07-02,Gila,Miami,85553,English,1
9411ec77997bd3f2,Noah,Navarro,noah.navarro8378,1984-03-03,Gila,Payson,85541,English,1
455763cf71a6179c,Luna,Ortiz,luna.ortiz4591,1965-09-08,Gila,Payson,85541,English,1
5c429ba0bb9fe2cd,Nora,Romero,nora.romero7787,1971-11-29,Gila,Globe,85501,English,1
66008fe04ff39787,Olivia,Dominguez,olivia.dominguez3555,1955-03-07,Gila,Payson,85541,Spanish,1
331a6476ff96f56a,Ava,Lopez,ava.lopez6225,1984-10-23,Gila,Globe,85541,English,1
9e03b76b1d8422e0,Ethan,Vega,ethan.vega3422,2002-08-05,Gila,Miami,85553,English,1
a7a611b60c54a326,Ethan,Ramos,ethan.ramos7175,1945-11-27,Gila,Miami,85541,English,1
eed98b5ebb7c8268,Leah,Diaz,leah.diaz4755,2009-08-19,Gila,Payson,85541,English,1
51274da778bca659,Ava,Morales,ava.morales1439,1959-04-26,Gila,Payson,85553,English,1
a47c2fd324ed16e2,Ava,Navarro,ava.navarro888,1985-08-30,Gila,Payson,85541,English,1
b7d608a406fae228,Aria,Navarro,aria.navarro7945,1993-07-31,Gila,Payson,85553,English,1
ebaf294b878991d6,Valeria,Martinez,valeria.martinez2036,1997-04-23,Gila,Miami,85553,English,1
33a6d0eb22eb4214,Mia,Castillo,mia.castillo5680,2018-03-14,Gila,Globe,85541,English,1
f03a2917d6452fbe,Emma,Martinez,emma.martinez2675,2009-06-16,Gila,Globe,85541,English,1
2708b8f603196b77,Samuel,Silva,samuel.silva2840,1966-10-21,Gila,Payson,85541,English,1
8382c7171a6e6465,Diego,Torres,diego.torres6638,1941-08-21,Gila,Globe,85553,English,1
2319ff66e1082d53,Natalie,Perez,natalie.perez7322,1985-07-27,Gila,Payson,85553,English,1
3f21bc4274b1e4eb,Maria,Morales,maria.morales9349,2004-06-03,Gila,Miami,85501,English,1
919f5e89db1a5702,Carlos,Hernandez,carlos.hernandez8718,1963-03-24,Gila,Miami,85541,English,1
d835e475f8697e18,Samuel,Perez,samuel.perez4702,1966-01-21,Gila,Payson,85541,English,1
17effb316fafaeb8,Camila,Ruiz,camila.ruiz2596,1994-11-10,Gila,Globe,85541,English,1
dc6480a0f7c4e210,Sebastian,Gomez,sebastian.gomez7237,1950-02-14,Gila,Miami,85553,Spanish,1
6b9477db89a95b7a,David,Diaz,david.diaz7739,1978-06-23,Gila,Globe,85501,English,1
a2d0dbc00bcd5214,Natalie,Diaz,natalie.diaz1199,2005-07-15,Gila,Globe,85553,English,1
3ee5519f0c28a178,Daniel,Ruiz,daniel.ruiz1626,1974-07-04,Gila,Miami,85541,English,1
e301d1fbb3ae601a,Diego,Delgado,diego.delgado7447,1981-07-02,Gila,Miami,85553,Spanish,1
147ba0a6d80e2454,Natalie,Molina,natalie.molina2163,1994-07-07,Gila,Payson,85541,English,1
a1d7d309aea8b46c,Adrian,Gomez,adrian.gomez2359,2008-03-29,Gila,Globe,85553,Spanish,1
b502fabf979b6136,Ava,Hernandez,ava.hernandez4979,1974-06-11,Gila,Miami,85541,Spanish,1
e6b5a2c148f2f4d6,Mia,Rivera,mia.rivera749,1949-03-25,Gila,Miami,85501,English,1
a8b57fb9d530d29c,Camila,Aguilar,camila.aguilar5189,2022-10-24,Gila,Miami,85553,English,1
926ff3db5d9a7e70,Maria,Gomez,maria.gomez3612,1998-08-29,Gila,Miami,85553,Spanish,1
c00950b7a0973e08,David,Sanchez,david.sanchez4578,1978-07-15,Gila,Payson,85553,English,1
a1ec9595feb569b0,Hannah,Romero,hannah.romero857,2011-11-05,Gila,Globe,85553,English,1
9a8b44844065a9a4,Lucas,Lopez,lucas.lopez1953,2012-01-21,Gila,Miami,85553,English,1
bcefe867fbee1081,Liam,Sanchez,liam.sanchez5588,2020-01-23,Gila,Miami,85501,English,1
433030a1ea62d5ae,Daniel,Ramirez,daniel.ramirez648,1947-03-16,Gila,Miami,85501,English,1
8a63e45f37d37711,Olivia,Vasquez,olivia.vasquez2047,1998-01-08,Gila,Globe,85541,English,1
13d160dd790ed303,Natalie,Perez,natalie.perez7364,2017-09-07,Gila,Payson,85501,English,1
9c427a74409bc7e6,Grace,Lopez,grace.lopez491,2011-11-28,Gila,Payson,85553,English,1
6fa0ab01a184f0e1,Natalie,Mendoza,natalie.mendoza4800,1959-10-18,Gila,Payson,85541,English,1
92b500a48be6f3d4,Natalie,Ramos,natalie.ramos1195,2016-08-11,Gila,Payson,85553,English,1
9ecefe8d8776dcf7,Hannah,Navarro,hannah.navarro9824,2019-09-16,Gila,Globe,85541,English,1
58101bf8fb163984,Daniel,Romero,daniel.romero6904,1985-12-07,Gila,Miami,85541,Spanish,1
94219f1747389914,Grace,Vasquez,grace.vasquez7623,2018-04-20,Gila,Miami,85541,Navajo,1
377e218050803b12,Sofia,Perez,sofia.perez5310,1984-02-13,Gila,Globe,85553,English,1
55a7f5cf26415829,Elena,Perez,elena.perez5300,1959-11-25,Gila,Globe,85501,Spanish,1
fb63f64de1b40c1d,Elena,Diaz,elena.diaz4080,2021-07-17,Gila,Payson,85541,Spanish,1
770ce6806526efba,Olivia,Reyes,olivia.reyes1380,1958-06-18,Gila,Payson,85553,English,1
58b8839c8707e96a,Natalie,Reyes,natalie.reyes6474,1992-11-30,Gila,Globe,85541,English,1
477f5668c17c2b9e,Lucas,Navarro,lucas.navarro3581,1959-05-15,Gila,Miami,85553,English,1
1903d0651325d79c,Sofia,Sanchez,sofia.sanchez460,2018-09-26,Gila,Globe,85553,English,1
c48fff8bdb795f15,Lucas,Perez,lucas.perez7063,1960-04-30,Gila,Miami,85541,Spanish,1
4198ab6ec23d8607,Ana,Diaz,ana.diaz4052,1978-04-04,Gila,Globe,85541,English,1
b7192942a41644bd,Olivia,Lopez,olivia.lopez6821,1973-04-16,Gila,Payson,85553,Spanish,1
0a5e201b5b17f355,Julian,Ruiz,julian.ruiz2944,2020-12-19,Gila,Payson,85541,English,1
e615c16567ddddaf,Isabella,Flores,isabella.flores6295,1987-07-25,Gila,Globe,85553,English,1
fe75c5ed0c01575f,Emma,Ortiz,emma.ortiz8433,2022-08-06,Gila,Miami,85501,Spanish,1
affbd8ca623e4248,Camila,Lopez,camila.lopez2486,1956-06-23,Gila,Payson,85553,Spanish,1
aabedf0d67308e8c,Isabella,Martinez,isabella.martinez1232,1951-04-25,Gila,Payson,85541,English,1
439ec01a04190081,Samuel,Rivera,samuel.rivera7669,1999-11-10,Gila,Globe,85553,English,1
78609f67af62de72,Javier,Garcia,javier.garcia3302,1984-07-31,Gila,Globe,85541,Spanish,1
ed5a80c216d02140,Carlos,Dominguez,carlos.dominguez9523,1970-11-18,Gila,Miami,85541,Spanish,1
6ac17899116564b4,Natalie,Vasquez,natalie.vasquez2650,1953-03-14,Gila,Globe,85501,English,1
8a52ccfd9ae1a5fb,Chloe,Ramirez,chloe.ramirez2030,1998-04-16,Gila,Payson,85501,English,1
d411e89ebc877ea8,Isabella,Ramos,isabella.ramos6903,2000-06-09,Gila,Miami,85553,English,1
d44cdc5e91b6a6a0,Diego,Gomez,diego.gomez9401,2010-05-24,Gila,Globe,85501,Spanish,1
8442f0c815af8a08,Noah,Navarro,noah.navarro262,1967-02-24,Gila,Miami,85541,English,1
1019c563442c8fc8,Ana,Martinez,ana.martinez3694,1943-01-22,Gila,Globe,85501,English,1
c487ea260aee66c7,Julian,Lopez,julian.lopez3253,1959-03-09,Gila,Miami,85553,English,1
7ce5952f0bfc93a9,Miguel,Silva,miguel.silva8172,1967-01-10,Gila,Payson,85541,English,1
c935b8b13bce43db,Ethan,Silva,ethan.silva7875,1961-07-05,Gila,Globe,85553,Spanish,1
8318590e7c2ba3ba,Leah,Lopez,leah.lopez3629,2021-05-10,Gila,Globe,85541,Spanish,1
6dbaf2d00a4d00ce,Ariana,Flores,ariana.flores6334,1947-03-23,Gila,Payson,85541,Spanish,1
38b9f53daf56a7cc,Lucas,Aguilar,lucas.aguilar8358,2021-12-13,Gila,Payson,85541,English,1
a5e3560e2c4c6065,Camila,Molina,camila.molina244,1984-04-08,Gila,Miami,85501,English,1
77575796dbb3fc81,Adrian,Ortiz,adrian.ortiz2682,1961-08-23,Gila,Globe,85541,English,1
221d9a48dbaced0c,Olivia,Cruz,olivia.cruz3453,2007-10-07,Gila,Miami,85553,English,1
497008cba873c27d,Mason,Lopez,mason.lopez6104,2011-04-27,Gila,Globe,85501,Navajo,1
4aa5ca0391f64794,Aria,Mendoza,aria.mendoza5587,2016-12-11,Gila,Miami,85501,Spanish,1
8f4158830fe5af26,Ana,Silva,ana.silva1531,1971-12-18,Gila,Payson,85501,English,1
d483a14246413d48,Sofia,Ramos,sofia.ramos422,1971-04-09,Gila,Globe,85553,Navajo,1
b29ca5012bc802ef,Natalie,Romero,natalie.romero4984,1947-01-30,Gila,Globe,85553,English,1
c3da587f70c24c49,Carlos,Ortiz,carlos.ortiz6319,1974-01-10,Gila,Miami,85501,English,1
7b0ed75b406185e4,Jose,Perez,jose.perez5342,1974-07-06,Gila,Payson,85501,English,1
4090fd1aa5522f3a,Daniel,Dominguez,daniel.dominguez1192,2010-02-13,Gila,Miami,85541,Spanish,1
b2e23f7282b11ff4,Aiden,Diaz,aiden.diaz1254,1968-09-01,Gila,Miami,85541,English,1
2dafb5be9735d555,Samuel,Flores,samuel.flores8808,2007-03-16,Gila,Miami,85541,English,1
1f1c0bf08230c805,Sofia,Morales,sofia.morales6300,2015-07-25,Gila,Payson,85553,English,1
35253f321e30cf0b,Mason,Romero,mason.romero1055,1979-10-20,Gila,Globe,85553,English,1
1baff53354ae95c7,Ana,Hernandez,ana.hernandez9067,2021-09-13,Graham,Thatcher,85552,English,1
a0a1a2cd9b2c7977,Lucas,Diaz,lucas.diaz4044,1971-04-10,Graham,Safford,85552,English,1
3e8ebbdbf5d887e5,Nora,Mendoza,nora.mendoza1885,1990-09-18,Graham,Pima,85552,English,1
a8822a3e1a12cdc3,Lucas,Molina,lucas.molina5536,1942-10-01,Graham,Pima,85534,English,1
2cdf9999be64cc7b,Hannah,Martinez,hannah.martinez1875,1992-04-24,Graham,Pima,85543,English,1
acac9e7f90561e93,Nora,Aguilar,nora.aguilar1764,1958-07-21,Graham,Safford,85552,English,1
c9ec40194529bd2c,Julian,Romero,julian.romero9708,1982-04-14,Graham,Thatcher,85534,Spanish,1
46a9bf725a00220e,Adrian,Morales,adrian.morales12,2012-11-27,Graham,Safford,85552,Spanish,1
6f9bf4664622c646,Grace,Vasquez,grace.vasquez4735,2006-11-11,Graham,Thatcher,85552,English,1
12924a86884c32dd,Ava,Castillo,ava.castillo601,1940-05-06,Graham,Thatcher,85552,Spanish,1
4808a6961c9ee305,Lucas,Torres,lucas.torres143,2011-03-16,Graham,Pima,85552,English,1
a2735d29e792cab9,Gabriel,Dominguez,gabriel.dominguez6703,1959-11-11,Graham,Pima,85552,English,1
ed380ec790424093,Lucas,Sanchez,lucas.sanchez752,2002-07-18,Graham,Safford,85552,English,1
061668a3fa85ec72,Isabella,Sanchez,isabella.sanchez9854,2011-08-06,Graham,Pima,85534,English,1
0376676cb973300e,Sebastian,Gonzalez,sebastian.gonzalez9508,1970-03-23,Graham,Pima,85552,English,1
62ae5fa558e24a78,Nora,Perez,nora.perez6362,1992-11-27,Graham,Pima,85534,English,1
44736e148e122310,Nora,Castillo,nora.castillo7447,2009-01-14,Graham,Thatcher,85543,English,1
10c97126bb5631ea,Nora,Molina,nora.molina9756,2000-01-04,Graham,Thatcher,85543,Spanish,1
6cca290e04c93e54,Miguel,Flores,miguel.flores1820,1963-01-24,Graham,Pima,85552,English,1
e60a13c372158c2f,David,Flores,david.flores2062,1959-12-18,Graham,Safford,85543,English,1
6391c9aaa17e3524,Hannah,Rivera,hannah.rivera7623,1966-05-03,Graham,Pima,85552,English,1
00c23b7aaa315071,Gabriel,Hernandez,gabriel.hernandez8189,1980-04-06,Graham,Thatcher,85552,English,1
1a153765c3cf81eb,Chloe,Dominguez,chloe.dominguez4608,2021-10-31,Graham,Safford,85543,Spanish,1
c194d428e34c7f18,Javier,Silva,javier.silva4853,1947-05-26,Graham,Pima,85543,English,1
96e24e53f31d617f,Maria,Flores,maria.flores312,1988-08-21,Graham,Thatcher,85552,English,1
c4d9e9fec3907904,Olivia,Reyes,olivia.reyes9667,1970-01-21,Graham,Thatcher,85543,Spanish,1
5873d0bc4da27428,Camila,Aguilar,camila.aguilar6886,1972-10-19,Graham,Pima,85534,Spanish,1
f9d9528b9ada3483,Hannah,Flores,hannah.flores391,1984-12-21,Graham,Pima,85534,Spanish,1
0f9093032ac2e532,Luna,Molina,luna.molina2469,1970-11-22,Graham,Pima,85552,English,1
b1a6e8bd18acdf17,Sebastian,Martinez,sebastian.martinez3839,1972-04-13,Graham,Safford,85534,English,1
9e770690c50d2a80,Camila,Perez,camila.perez9624,1978-02-14,Graham,Safford,85543,English,1
e36c212d3a6e18d2,Mia,Cruz,mia.cruz9034,1966-11-02,Graham,Thatcher,85552,Spanish,1
e5a97ecc7facbe47,Adrian,Reyes,adrian.reyes5185,1977-06-09,Graham,Safford,85552,Spanish,1
7990e75ea86f9d29,Jose,Ramirez,jose.ramirez1637,1981-11-01,Graham,Pima,85543,English,1
60486c4b840fc96d,Julian,Diaz,julian.diaz772,1943-03-27,Graham,Safford,85552,English,1
c87843497c38231e,Natalie,Castillo,natalie.castillo2639,1995-03-14,Graham,Safford,85534,English,1
81ee59507dd49bec,Lucas,Morales,lucas.morales6510,1998-05-06,Graham,Thatcher,85552,English,1
3e96a954a66ecc09,Hannah,Aguilar,hannah.aguilar71,1967-11-09,Graham,Pima,85543,English,1
576d90eb7744fd1f,Chloe,Cruz,chloe.cruz9840,1954-01-17,Graham,Thatcher,85534,Spanish,1
80d5578493b3e5b9,Carlos,Martinez,carlos.martinez2570,1982-09-17,Graham,Safford,85543,English,1
e1ee25a88b766964,Ava,Mendoza,ava.mendoza6236,1986-06-09,Graham,Thatcher,85543,Spanish,1
09f5a3da5370efb8,Natalie,Reyes,natalie.reyes9207,1995-07-20,Graham,Pima,85543,English,1
0f2b73b73fd2430b,Luna,Perez,luna.perez6996,1976-02-08,Graham,Safford,85543,English,1
38c28fda5056c4e1,Samuel,Cruz,samuel.cruz1769,2022-05-06,Graham,Safford,85543,English,1
f2a433649c45becc,Natalie,Romero,natalie.romero4234,1973-11-14,Graham,Pima,85552,Spanish,1
85576b2d7d7fb45b,Sofia,Morales,sofia.morales640,1980-12-11,Graham,Pima,85534,English,1
3c2b454f543bf706,Ariana,Ramos,ariana.ramos8677,1976-12-28,Graham,Pima,85552,Spanish,1
d9122974023f7149,Daniel,Diaz,daniel.diaz2968,2023-12-21,Graham,Thatcher,85543,English,1
e6d413988180babf,Leah,Ramos,leah.ramos8656,1968-09-03,Graham,Pima,85534,Spanish,1
cf533f6346ad5280,Liam,Torres,liam.torres3424,1941-06-10,Graham,Safford,85534,English,1
949fe37283891c6e,Grace,Garcia,grace.garcia6513,2009-06-10,Graham,Safford,85534,English,1
368d27f367138494,Mateo,Perez,mateo.perez14,1972-09-30,Graham,Safford,85552,English,1
6027c89a19266b3a,Mateo,Torres,mateo.torres2950,1945-04-06,Graham,Thatcher,85552,Navajo,1
f8f0c4c8f46e6cdd,Diego,Silva,diego.silva8823,2009-08-11,Graham,Thatcher,85543,English,1
86b573521968e99a,Mason,Aguilar,mason.aguilar9114,1972-04-27,Graham,Thatcher,85543,English,1
3bad91ab60257fa7,Noah,Lopez,noah.lopez4069,2024-10-29,Graham,Safford,85543,English,1
610fdbbfaaa1a4d8,Sebastian,Romero,sebastian.romero1248,1996-12-09,Graham,Safford,85534,English,1
c69c1792b745d939,Ana,Ramirez,ana.ramirez9671,2023-03-22,Graham,Pima,85543,English,1
849036d93dee2726,Natalie,Ramos,natalie.ramos6671,2018-05-12,Graham,Thatcher,85543,English,1
edf1b82caabe225b,Alex,Navarro,alex.navarro7586,2022-11-05,Graham,Thatcher,85543,English,1
0b62fe3d0dbbbe61,Daniel,Flores,daniel.flores8483,2001-10-19,Graham,Pima,85552,English,1
08f306e74a1d97db,Jose,Mendoza,jose.mendoza3359,1952-06-29,Graham,Pima,85543,Spanish,1
2573141856d06fd2,Lucas,Ramirez,lucas.ramirez4397,1951-12-29,Graham,Safford,85543,English,1
3c64be731faffe4a,Diego,Delgado,diego.delgado8375,2018-10-31,Graham,Pima,85552,English,1
310f2d9fc2776db4,Ana,Castillo,ana.castillo1811,1949-01-21,Graham,Pima,85552,English,1
9b4d3d76981342f4,Aria,Martinez,aria.martinez8317,1954-08-21,Graham,Thatcher,85543,Spanish,1
35546401a76cac98,Ariana,Torres,ariana.torres6151,1942-06-02,Graham,Thatcher,85543,English,1
ee074cc1887c12b3,Hannah,Castillo,hannah.castillo6071,1975-03-17,Graham,Thatcher,85534,English,1
6b7455ba5a65ab68,Noah,Perez,noah.perez4591,1956-05-05,Graham,Pima,85552,Spanish,1
5ae32a151b725d9d,Ariana,Silva,ariana.silva5790,1997-09-18,Graham,Thatcher,85552,English,1
4d0567624c8bb155,Luna,Garcia,luna.garcia294,2019-04-10,Graham,Thatcher,85552,English,1
a544cd91cf2172b1,Sebastian,Diaz,sebastian.diaz8006,1962-03-01,Graham,Pima,85543,English,1
b0423aecf36ced7c,Sebastian,Flores,sebastian.flores7436,1975-04-05,Graham,Safford,85534,English,1
9edf7e97a8408bfe,Lucas,Garcia,lucas.garcia5161,1968-04-14,Graham,Thatcher,85552,English,1
62a5f614ef2329cf,Daniel,Reyes,daniel.reyes5171,2018-01-22,Graham,Pima,85552,English,1
f256b7685b165233,Isabella,Aguilar,isabella.aguilar5704,1971-05-09,Graham,Safford,85534,Spanish,1
c6f64a71648a06c2,Javier,Molina,javier.molina7348,1960-07-30,Graham,Pima,85534,English,1
e923f9edf46af93d,Grace,Ramirez,grace.ramirez2186,1949-09-21,Graham,Pima,85534,Spanish,1
b7de23d8fac9b42a,Ava,Delgado,ava.delgado8519,2007-05-18,Graham,Safford,85543,Spanish,1
085a443dd239aeae,Julian,Martinez,julian.martinez2626,2014-05-15,Graham,Thatcher,85534,English,1
55ed9b78bd0f0a8f,Javier,Gomez,javier.gomez1135,1960-02-19,Graham,Pima,85534,Spanish,1
48294b212e92b76d,Samuel,Martinez,samuel.martinez6749,1974-08-23,Graham,Thatcher,85543,English,1
fa4ba3596c660bd8,Ethan,Aguilar,ethan.aguilar2818,1997-07-17,Graham,Safford,85552,English,1
adf1e967ff3d2277,Chloe,Hernandez,chloe.hernandez4863,1953-04-09,Graham,Pima,85552,English,1
887f1d6a043ffb16,Valeria,Torres,valeria.torres5868,1954-06-08,Graham,Thatcher,85552,English,1
ceecbef373406083,Luna,Diaz,luna.diaz5864,1980-06-15,Graham,Thatcher,85534,Spanish,1
73b8ecebbb3944d7,Ava,Gomez,ava.gomez6984,2010-03-26,Graham,Safford,85543,English,1
af066a764e483c0d,Chloe,Morales,chloe.morales4755,2020-09-25,Graham,Thatcher,85543,English,1
7e9182487b3d7389,Chloe,Cruz,chloe.cruz3284,2006-05-14,Graham,Safford,85552,English,1
c4a4596280a2c7a6,Isabella,Ramos,isabella.ramos7100,1989-02-04,Graham,Safford,85534,Spanish,1
9e7f5351c49f4ad2,Alex,Lopez,alex.lopez3827,2002-02-14,Graham,Thatcher,85534,Spanish,1
551fe68d0bfd8072,Mason,Hernandez,mason.hernandez4433,2010-11-15,Graham,Pima,85552,English,1
2f81dc46e9495ef6,Carlos,Gomez,carlos.gomez3869,1997-04-07,Graham,Thatcher,85534,English,1
e950cb19d90352e0,Adrian,Vasquez,adrian.vasquez6648,2001-02-11,Graham,Thatcher,85552,English,1
f2fb41eb02b0294d,Mateo,Navarro,mateo.navarro9860,1996-08-24,Graham,Safford,85534,English,1
816ac61adee9cf38,Ariana,Ramirez,ariana.ramirez4249,1944-08-10,Graham,Thatcher,85543,English,1
35c3f3ea013cd8bc,Ethan,Molina,ethan.molina4108,2017-11-05,Graham,Safford,85534,English,1
da97c745bc270a2d,Ava,Aguilar,ava.aguilar3426,2016-08-28,Graham,Thatcher,85543,English,1
4e772ec069619552,Miguel,Cruz,miguel.cruz4074,1954-11-19,Graham,Safford,85534,English,1
f1e74cbd0d59923d,Isabella,Ramos,isabella.ramos2398,1974-10-09,Graham,Safford,85543,English,1
5b2259f157e25574,Gabriel,Ramos,gabriel.ramos8716,1990-09-18,Graham,Pima,85534,English,1
4f1845058129d91b,Nora,Reyes,nora.reyes8716,1946-09-08,Graham,Safford,85543,English,1
ed0e028ef904b193,Julian,Navarro,julian.navarro6540,2019-01-30,Graham,Thatcher,85543,English,1
940a82e3cf1df21b,Valeria,Vasquez,valeria.vasquez3379,1950-05-25,Graham,Pima,85534,English,1
3027d46af13325ff,Julian,Sanchez,julian.sanchez9402,1978-09-22,Graham,Pima,85543,Spanish,1
1b27168a2b5b1a61,Ava,Castillo,ava.castillo2975,2017-03-31,Graham,Safford,85534,English,1
baade8c2a043adf1,Miguel,Navarro,miguel.navarro507,1951-05-23,Graham,Pima,85534,Spanish,1
d4fb32b0c1be3bfb,Maria,Garcia,maria.garcia6949,2021-04-18,Graham,Pima,85543,Spanish,1
88b9512168b57d0b,Carlos,Flores,carlos.flores4952,1989-05-24,Graham,Safford,85543,Spanish,1
993ea51d52f9cc37,Chloe,Delgado,chloe.delgado4889,1947-12-25,Graham,Pima,85534,English,1
a7b3b9b9e1747e3b,Camila,Sanchez,camila.sanchez9840,1978-11-22,Graham,Safford,85534,English,1
59ad79a7376ce795,Aiden,Ramos,aiden.ramos3142,1986-07-27,Graham,Thatcher,85543,English,1
174479672471a22e,Noah,Hernandez,noah.hernandez6616,2013-12-10,Graham,Safford,85543,English,1
e52f9b563dc53689,Sebastian,Cruz,sebastian.cruz5279,2009-11-01,Graham,Pima,85552,English,1
3e68876a40d7998b,Ariana,Morales,ariana.morales4267,1949-03-09,Graham,Pima,85543,Spanish,1
52b6bb272e91d4c2,Aiden,Gomez,aiden.gomez2640,1942-04-27,Graham,Safford,85534,Spanish,1
ad9375b2d13175b3,Julian,Flores,julian.flores6929,2001-04-21,Graham,Thatcher,85543,English,1
921dc046c7795196,Camila,Ortiz,camila.ortiz7800,1951-09-04,Graham,Safford,85552,English,1
248bcd473a649904,Sebastian,Martinez,sebastian.martinez7444,1969-06-04,Graham,Safford,85552,English,1
d18e125e172b43fc,Ethan,Ramos,ethan.ramos4124,2003-03-26,Graham,Thatcher,85552,English,1
172066e7a3f510ec,Sebastian,Torres,sebastian.torres3611,1984-07-07,Graham,Safford,85534,Spanish,1
ea98498a3fe334fe,Leah,Mendoza,leah.mendoza8227,1962-07-04,Graham,Safford,85534,English,1
67a689d86345ca38,David,Rivera,david.rivera2375,1990-06-29,Graham,Pima,85543,English,1
c88681d067880a20,Gabriel,Silva,gabriel.silva159,1969-10-06,Graham,Safford,85543,English,1
3af4e5fd08a05014,Sebastian,Torres,sebastian.torres7105,2000-06-13,Graham,Pima,85543,English,1
b75cf07c3e6d4a29,Sofia,Martinez,sofia.martinez4835,2014-06-22,Graham,Safford,85543,English,1
a3e49e002f1048e0,Emma,Gomez,emma.gomez389,1967-11-30,Graham,Pima,85534,English,1
6261ea9a34706e4f,Nora,Vega,nora.vega1855,2019-03-08,Graham,Thatcher,85534,English,1
9ff1eb50902c3ad9,Carlos,Ruiz,carlos.ruiz2242,1944-10-16,Graham,Safford,85552,English,1
5748c22293037d4a,Mia,Ramirez,mia.ramirez1916,1963-03-22,Graham,Pima,85534,Spanish,1
82c32040e625294f,Mia,Garcia,mia.garcia7346,1942-12-16,Graham,Pima,85552,English,1
9bf3605028631ca1,Jose,Vasquez,jose.vasquez8206,1997-02-17,Graham,Safford,85534,English,1
cfdfce0d4c9e0d74,Adrian,Mendoza,adrian.mendoza3067,1968-08-20,Graham,Pima,85543,English,1
414353eb560072c6,Ariana,Torres,ariana.torres4834,2013-04-18,Graham,Thatcher,85543,English,1
3e7d1c13b7070793,Sofia,Romero,sofia.romero4479,1983-04-27,Graham,Safford,85552,English,1
64d8b3328b86c313,Javier,Gomez,javier.gomez4061,2022-06-24,Graham,Thatcher,85543,English,1
f01ba076cef5f1c7,Maria,Mendoza,maria.mendoza3712,1970-06-21,Graham,Safford,85543,Navajo,1
cce2e06611ea10ec,Mia,Ruiz,mia.ruiz3885,1994-12-24,Graham,Safford,85543,English,1
5be519f1cd1d8030,Mateo,Gomez,mateo.gomez8259,2008-06-19,Graham,Pima,85543,English,1
7890cbe6e81e6ddd,Sebastian,Silva,sebastian.silva2383,1978-09-17,Graham,Safford,85534,English,1
00b589e1e23800bd,Nora,Morales,nora.morales9667,2015-11-04,Graham,Pima,85534,English,1
c7a8bbeeacd77dfa,Ana,Gomez,ana.gomez7161,2007-10-16,Graham,Pima,85534,Spanish,1
21e440513c553bf5,Miguel,Ramirez,miguel.ramirez4742,2023-11-14,Graham,Thatcher,85552,English,1
4fe06c2d0e564d93,Olivia,Ortiz,olivia.ortiz895,1941-07-19,Graham,Thatcher,85534,English,1
2aa0e97027d7ce05,Gabriel,Martinez,gabriel.martinez7759,1973-05-24,Graham,Thatcher,85543,Spanish,1
20d7653bdb574378,Olivia,Reyes,olivia.reyes9909,1952-06-13,Graham,Safford,85552,English,1
0b76d755d60a8188,Lucas,Castillo,lucas.castillo6202,2014-11-30,Graham,Pima,85543,English,1
7d92e7d011718263,Ethan,Ramirez,ethan.ramirez5286,2015-12-26,Graham,Safford,85543,English,1
a221d55ca5e104dd,Nora,Martinez,nora.martinez1930,1986-02-02,Graham,Thatcher,85543,English,1
7f7b96a5fa144fdb,Jose,Hernandez,jose.hernandez4678,1975-08-27,Graham,Thatcher,85543,English,1
1623743461e5137e,Camila,Ruiz,camila.ruiz2070,1944-12-14,Graham,Safford,85552,English,1
67de8dbf6384b6ef,Gabriel,Perez,gabriel.perez1753,1953-02-16,Graham,Pima,85534,English,1
2d0ad14f3debccfd,Valeria,Castillo,valeria.castillo7197,2011-02-03,Graham,Pima,85552,Spanish,1
a931b2d5eb11426e,Daniel,Morales,daniel.morales4748,1978-11-18,Graham,Safford,85534,English,1
09d70092688444e4,Alex,Navarro,alex.navarro4450,1946-03-24,Graham,Safford,85534,English,1
d20dea3728ebe189,Maria,Vega,maria.vega8092,1989-03-02,Graham,Thatcher,85552,English,1
304132552229c6a6,Mateo,Delgado,mateo.delgado4368,1974-01-14,Graham,Pima,85543,Spanish,1
f4f80660e3eb1924,Adrian,Rivera,adrian.rivera5822,1950-07-02,Graham,Safford,85552,Spanish,1
4efebcc02f80ad69,Nora,Vasquez,nora.vasquez3425,1957-10-09,Graham,Pima,85534,English,1
572cf836633cb5b5,Luna,Garcia,luna.garcia1695,1949-07-19,Graham,Thatcher,85534,English,1
54da8fd0c076cd75,Aria,Romero,aria.romero285,1950-08-06,Graham,Safford,85543,English,1
51e58a89e732bacd,Hannah,Gonzalez,hannah.gonzalez5995,1974-06-11,Graham,Thatcher,85552,English,1
7d121e099cd6137b,Jose,Diaz,jose.diaz8802,1974-12-10,Graham,Pima,85534,English,1
dafb856797f409a4,Ethan,Ramos,ethan.ramos1842,2009-07-02,Graham,Safford,85534,English,1
f524e9761ae695bc,Diego,Ortiz,diego.ortiz7647,2015-08-21,Graham,Thatcher,85552,English,1
38bdf04fe8ac70cf,Julian,Ortiz,julian.ortiz6057,1941-07-23,Graham,Pima,85543,Spanish,1
7a4120d400ae0525,Jose,Perez,jose.perez4328,1972-02-26,Graham,Thatcher,85534,English,1
fe6dde0d6b12fd73,Natalie,Lopez,natalie.lopez2242,1981-04-15,Graham,Thatcher,85552,English,1
76828089a7eeaf4a,Olivia,Romero,olivia.romero8230,1944-03-15,Graham,Pima,85552,English,1
b3955ced2e6ea871,Nora,Ortiz,nora.ortiz9653,1940-04-24,Graham,Thatcher,85543,English,1
ebd7b60192dca5ff,Miguel,Delgado,miguel.delgado2027,1984-08-08,Graham,Pima,85543,English,1
3942cc90c19ff8f2,Sofia,Torres,sofia.torres1398,1972-11-10,Graham,Safford,85552,Navajo,1
555f6a811e4ac170,Olivia,Ramirez,olivia.ramirez5274,1972-09-10,Graham,Pima,85543,English,1
fedfdb85eddaa14c,David,Morales,david.morales4835,1978-02-24,Graham,Safford,85552,English,1
0d4b4c011591730a,Diego,Lopez,diego.lopez201,1999-01-05,Graham,Pima,85534,English,1
298f786f6c144f72,Noah,Garcia,noah.garcia9912,1962-06-06,Graham,Pima,85543,English,1
14e42c2e9c3c0387,Natalie,Ortiz,natalie.ortiz7082,1989-02-13,Graham,Pima,85552,English,1
340a61a5edfe3363,Sofia,Diaz,sofia.diaz452,1947-09-16,Graham,Pima,85534,Spanish,1
679b1ce4501782e2,Daniel,Molina,daniel.molina4661,1983-04-01,Graham,Pima,85534,Spanish,1
ddea325320d60330,Sofia,Morales,sofia.morales9094,1975-10-18,Graham,Safford,85543,English,1
de3794f0132f72c9,Samuel,Cruz,samuel.cruz4889,2018-12-10,Graham,Thatcher,85543,Spanish,1
13325b349d754a3e,Diego,Reyes,diego.reyes5285,1987-10-31,Graham,Pima,85543,English,1
67d34101c922e4af,Lucas,Silva,lucas.silva758,1960-03-12,Graham,Pima,85552,English,1
f32cf43019aa4444,Lucas,Dominguez,lucas.dominguez5947,1969-09-23,Graham,Safford,85552,Spanish,1
260181bc9b919184,Noah,Rivera,noah.rivera5812,1977-02-24,Graham,Pima,85552,English,1
f32ec77c6fbf542c,Adrian,Sanchez,adrian.sanchez6058,1971-12-19,Graham,Thatcher,85543,English,1
58ee0c8d7ef88fea,Javier,Silva,javier.silva9148,2001-07-15,Graham,Safford,85543,English,1
38c737bb20ebaa38,Maria,Romero,maria.romero8483,1947-05-15,Graham,Safford,85534,English,1
02c250acf50b9561,Noah,Perez,noah.perez2656,1945-04-19,Graham,Thatcher,85552,English,1
4170a3501a985f10,Valeria,Lopez,valeria.lopez8612,2014-12-08,Graham,Safford,85552,English,1
fc172df90e363f59,Grace,Martinez,grace.martinez5650,2017-10-22,Graham,Pima,85552,Spanish,1
3441f6e3adccf031,David,Reyes,david.reyes1528,2002-10-27,Graham,Safford,85552,Spanish,1
62e5769c96e12cdc,Ethan,Ruiz,ethan.ruiz9975,1944-03-11,Graham,Pima,85552,English,1
196922ab0358461e,Valeria,Diaz,valeria.diaz5586,2011-11-17,Graham,Pima,85534,Spanish,1
251653a412b9b93f,Aiden,Hernandez,aiden.hernandez5648,1978-12-27,Graham,Thatcher,85543,Spanish,1
1b2e07aa3aeb79ee,Ariana,Reyes,ariana.reyes9576,1958-09-03,Graham,Pima,85534,English,1
42363cf4080bd97c,Chloe,Aguilar,chloe.aguilar3543,1994-05-11,Graham,Safford,85534,English,1
58b07d5e75721095,Julian,Dominguez,julian.dominguez9111,1962-06-20,Graham,Thatcher,85543,English,1
0a84f70a3d0220e8,Aiden,Delgado,aiden.delgado7303,1970-10-18,Graham,Safford,85543,English,1
4e130f543d24dfb9,Valeria,Vega,valeria.vega2809,1983-08-10,Graham,Safford,85552,English,1
04e0b14c6cd3df2f,Nora,Flores,nora.flores530,2000-08-02,Greenlee,Morenci,85540,Spanish,1
7a3288b4ede03147,Carlos,Aguilar,carlos.aguilar1347,2019-07-13,Greenlee,Duncan,85540,Spanish,1
f75dfa173c028937,Daniel,Gomez,daniel.gomez3250,2016-11-17,Greenlee,Duncan,85938,English,1
97c5de614f5e1fc9,Samuel,Dominguez,samuel.dominguez5362,1984-03-04,Greenlee,Duncan,85540,Spanish,1
e1a98874668d98e2,Julian,Romero,julian.romero1824,1987-06-13,Greenlee,Morenci,85938,Spanish,1
d1f3566e7d8be2a5,Ava,Hernandez,ava.hernandez7370,2010-02-14,Greenlee,Duncan,85550,English,1
c65f58d610315e71,Mason,Delgado,mason.delgado5394,1991-03-27,Greenlee,Clifton,85938,English,1
6ba0a6bbe115e393,Elena,Molina,elena.molina9998,1975-11-01,Greenlee,Morenci,85550,English,1
79cf3f2b169a9119,Chloe,Aguilar,chloe.aguilar4921,1962-05-19,Greenlee,Morenci,85938,English,1
2ca9041e0690040b,Hannah,Delgado,hannah.delgado6152,2008-03-31,Greenlee,Clifton,85540,Spanish,1
1d8fc86ada09cf0f,Natalie,Vasquez,natalie.vasquez3347,1968-08-23,Greenlee,Duncan,85938,English,1
e3f34e3b4be38a44,Noah,Navarro,noah.navarro4117,2023-02-03,Greenlee,Clifton,85540,English,1
8542bf8c136f0974,Valeria,Torres,valeria.torres9621,1994-04-06,Greenlee,Duncan,85938,English,1
cca4d3dc428162f4,Daniel,Sanchez,daniel.sanchez1356,1992-12-13,Greenlee,Clifton,85550,Spanish,1
fe4c06db2a8503db,Camila,Ramirez,camila.ramirez4574,1998-01-19,Greenlee,Morenci,85938,English,1
af1e409719be05e4,Natalie,Delgado,natalie.delgado2352,2021-09-17,Greenlee,Morenci,85938,English,1
42a0b5ed78ea81bf,Adrian,Diaz,adrian.diaz996,1987-09-27,Greenlee,Clifton,85938,Navajo,1
a766d726b5402cb7,Ava,Aguilar,ava.aguilar5429,1951-09-21,Greenlee,Duncan,85938,English,1
00fe283d0fc84679,Aria,Castillo,aria.castillo8181,1999-02-23,Greenlee,Duncan,85550,English,1
494c4c00824d840b,Aria,Sanchez,aria.sanchez5649,1940-12-10,Greenlee,Duncan,85938,English,1
ea8ce9cf70dd0dfe,David,Ortiz,david.ortiz1915,1973-02-14,Greenlee,Clifton,85938,English,1
e87c4fae42ff4544,Camila,Ramirez,camila.ramirez6006,1962-03-28,Greenlee,Clifton,85550,Spanish,1
241611626c450455,Sofia,Torres,sofia.torres531,1948-06-11,Greenlee,Duncan,85550,English,1
70ddf317ccd51138,Sofia,Mendoza,sofia.mendoza6480,2022-10-16,Greenlee,Clifton,85540,English,1
a28f1daaaf0c9a20,Maria,Ramos,maria.ramos4694,1996-04-21,Greenlee,Morenci,85550,English,1
8405afe902a48c30,Mateo,Romero,mateo.romero7598,1993-05-17,Greenlee,Morenci,85550,Spanish,1
7a53d8af1946c3ba,Ariana,Ortiz,ariana.ortiz9985,1982-08-30,Greenlee,Clifton,85540,English,1
abca7530aa291fb3,Julian,Diaz,julian.diaz257,1982-05-07,Greenlee,Clifton,85938,English,1
e26a8da0faefef4d,David,Sanchez,david.sanchez1610,1979-12-17,Greenlee,Morenci,85550,Spanish,1
59d0556134cd3f63,Gabriel,Aguilar,gabriel.aguilar7600,1958-12-25,Greenlee,Duncan,85550,English,1
6ca5a82df1322d37,Sebastian,Ortiz,sebastian.ortiz520,2001-12-29,Greenlee,Clifton,85938,Spanish,1
5166d784e1f05081,Ethan,Castillo,ethan.castillo6104,1967-01-06,Greenlee,Clifton,85540,Navajo,1
8a68c9aca9e1e096,Ava,Silva,ava.silva352,2023-06-07,Greenlee,Duncan,85540,English,1
01956a1954e9559f,Lucas,Morales,lucas.morales6985,1954-01-31,Greenlee,Morenci,85938,English,1
20ba9572ed31b386,Natalie,Vasquez,natalie.vasquez118,1970-03-28,Greenlee,Morenci,85540,English,1
a725227ccb30ba67,Samuel,Delgado,samuel.delgado2021,1944-06-17,Greenlee,Morenci,85540,Spanish,1
cff230b16c77343c,Lucas,Rivera,lucas.rivera1887,1984-12-23,Greenlee,Morenci,85938,English,1
e337aa8064ec2607,Ariana,Dominguez,ariana.dominguez5945,1969-10-21,Greenlee,Morenci,85550,Spanish,1
1d46b8a3d68eff1a,Hannah,Perez,hannah.perez9472,2018-12-15,Greenlee,Clifton,85938,English,1
f3bdcebacd5d7f8e,Mia,Garcia,mia.garcia9825,1953-01-21,Greenlee,Morenci,85938,English,1
be87c59894670388,Adrian,Martinez,adrian.martinez7114,1946-08-02,Greenlee,Duncan,85938,Spanish,1
bb05db02d5ffd0cb,Sofia,Delgado,sofia.delgado361,1993-04-15,Greenlee,Duncan,85938,Spanish,1
826da81fddc448ff,Grace,Garcia,grace.garcia5547,2016-09-06,Greenlee,Clifton,85550,English,1
7d76ea38ded44ef2,Emma,Perez,emma.perez7009,1969-12-22,Greenlee,Morenci,85938,English,1
d48bbe5217e5b520,Maria,Reyes,maria.reyes8507,1955-10-07,Greenlee,Duncan,85938,English,1
6bfb12f2a8258734,Luna,Navarro,luna.navarro1072,2016-04-19,Greenlee,Morenci,85540,English,1
098c7fc88187457c,Sebastian,Cruz,sebastian.cruz1136,2024-01-07,Greenlee,Clifton,85550,English,1
00c9d477c30f9237,Aiden,Garcia,aiden.garcia1075,1992-05-16,Greenlee,Clifton,85550,English,1
dd000981d61185cb,Leah,Romero,leah.romero8790,1999-04-05,Greenlee,Morenci,85550,English,1
10146bf13da34174,Olivia,Ruiz,olivia.ruiz5895,1981-03-27,Greenlee,Duncan,85938,English,1
ce2fe609470a7c58,Jose,Perez,jose.perez8417,1996-11-15,Greenlee,Duncan,85938,Spanish,1
e91e668f8a57e3d5,David,Perez,david.perez7296,1947-09-03,Greenlee,Morenci,85938,Spanish,1
f4b534a421f6408b,Sebastian,Aguilar,sebastian.aguilar5962,1977-06-28,Greenlee,Clifton,85550,Spanish,1
017cc7b2d14e709d,Javier,Dominguez,javier.dominguez3115,2001-08-21,Greenlee,Clifton,85540,English,1
64b22cd7a54059c1,Ethan,Silva,ethan.silva777,1957-12-27,Greenlee,Morenci,85540,Spanish,1
34e91e7062830ba0,Gabriel,Castillo,gabriel.castillo6350,1981-07-25,Greenlee,Morenci,85550,English,1
a3cc8cb0e0b97377,Aiden,Morales,aiden.morales5635,1973-11-30,Greenlee,Clifton,85550,English,1
1d0ae56679b71555,Leah,Silva,leah.silva9957,1957-04-01,Greenlee,Morenci,85938,English,1
0a89caab022809bb,Hannah,Castillo,hannah.castillo7213,1983-03-30,Greenlee,Morenci,85938,English,1
b827ab1c3cd51a99,Camila,Silva,camila.silva6193,2002-03-21,Greenlee,Duncan,85540,English,1
8ad2bd76aecc2ad3,Ethan,Cruz,ethan.cruz6027,2002-01-08,Greenlee,Duncan,85938,English,1
5bfde1e840d1d79c,Diego,Ortiz,diego.ortiz2813,1978-08-14,Greenlee,Duncan,85938,English,1
fe7fb52a621a1413,Chloe,Diaz,chloe.diaz799,1952-07-20,Greenlee,Duncan,85550,English,1
36f0b5d89bf2e381,Leah,Ramirez,leah.ramirez6362,1944-03-18,Greenlee,Morenci,85540,English,1
e3f648565cc6ef20,Mia,Hernandez,mia.hernandez4030,1994-09-23,Greenlee,Duncan,85550,English,1
40d6ea9d6261f935,Natalie,Ramirez,natalie.ramirez8182,2000-07-25,Greenlee,Clifton,85938,English,1
93f1302f462a3a7f,Nora,Martinez,nora.martinez2657,1965-03-28,Greenlee,Duncan,85540,English,1
5a5ddb4d2f82237f,Noah,Dominguez,noah.dominguez4933,1959-09-11,Greenlee,Clifton,85540,English,1
ea8954d3a0189f19,Isabella,Ramirez,isabella.ramirez6094,2006-11-06,Greenlee,Morenci,85550,Navajo,1
40b0b63333a8fc98,Sebastian,Vega,sebastian.vega4263,1999-11-21,Greenlee,Clifton,85938,English,1
3ad17a4198965955,Sofia,Aguilar,sofia.aguilar6770,2024-09-28,Greenlee,Clifton,85550,English,1
96da35fd5a1b04a2,Javier,Ortiz,javier.ortiz712,2014-11-26,Greenlee,Morenci,85540,English,1
7f39a1c6b7874305,Nora,Gomez,nora.gomez7417,2011-02-21,Greenlee,Duncan,85550,English,1
0df69e2ce1f58b1a,Carlos,Diaz,carlos.diaz1854,1988-05-18,Greenlee,Duncan,85540,English,1
2e6538515b4293d7,Sofia,Hernandez,sofia.hernandez3608,2003-04-08,Greenlee,Morenci,85550,English,1
1f4089614f06bba7,Mia,Ortiz,mia.ortiz6444,1974-07-06,Greenlee,Clifton,85540,Spanish,1
c68a6af0cd834b6d,Gabriel,Silva,gabriel.silva8733,1991-06-12,Greenlee,Morenci,85540,English,1
d3358f6106546549,Liam,Ruiz,liam.ruiz2819,1979-11-24,Greenlee,Duncan,85938,English,1
192f012cb2d8036e,Emma,Delgado,emma.delgado4248,1965-10-28,Greenlee,Duncan,85550,English,1
a2df2c51ad225b1a,Miguel,Sanchez,miguel.sanchez6213,1950-12-01,Greenlee,Duncan,85550,English,1
38fc0e3bce8c8909,Olivia,Gomez,olivia.gomez7066,1948-07-11,Greenlee,Duncan,85938,English,1
170b8610b71625a2,Elena,Ortiz,elena.ortiz2935,1967-03-09,Greenlee,Morenci,85540,English,1
e69180f8c86a7d2b,Hannah,Hernandez,hannah.hernandez6761,1983-06-05,Greenlee,Duncan,85938,Spanish,1
9995176a85c17cb9,Julian,Flores,julian.flores5451,1972-03-11,Greenlee,Duncan,85540,English,1
50a470a86ccfb8b5,Ethan,Cruz,ethan.cruz213,2020-05-13,Greenlee,Duncan,85938,English,1
df7a2010286294eb,Luna,Vega,luna.vega9483,1949-04-20,Greenlee,Duncan,85550,English,1
97803cd0a6394f95,Valeria,Garcia,valeria.garcia585,1956-01-08,Greenlee,Morenci,85550,Spanish,1
e3d1f0886a629d76,Elena,Garcia,elena.garcia7729,1994-11-01,Greenlee,Morenci,85550,Spanish,1
81d774a6a8ad632f,Ava,Ramirez,ava.ramirez458,1942-07-18,Greenlee,Morenci,85938,English,1
34bb224a7481b57f,Isabella,Hernandez,isabella.hernandez9219,1980-09-25,Greenlee,Clifton,85938,Spanish,1
d97fe2475ac2853a,Daniel,Romero,daniel.romero3324,1951-05-18,Greenlee,Clifton,85550,English,1
a30166d129617646,Ava,Gomez,ava.gomez3543,2002-07-19,Greenlee,Morenci,85550,Spanish,1
c81375b65d9dfff2,Grace,Perez,grace.perez4593,2003-05-04,Greenlee,Duncan,85540,Spanish,1
36836f3614c148d4,Aria,Diaz,aria.diaz4692,1979-09-19,Greenlee,Morenci,85550,English,1
3d598bd9221bb2ce,Sebastian,Vasquez,sebastian.vasquez1760,2022-10-17,Greenlee,Clifton,85938,English,1
51e9abccf4467daf,Liam,Flores,liam.flores3508,2020-07-11,Greenlee,Duncan,85540,English,1
bed823a8cbe52bda,Chloe,Vega,chloe.vega7521,2022-08-01,Greenlee,Clifton,85938,English,1
b928c4088a459a89,Lucas,Perez,lucas.perez3659,2014-04-26,Greenlee,Morenci,85540,English,1
bbe3dab991ee9320,Aria,Lopez,aria.lopez6929,1996-03-24,Greenlee,Morenci,85550,Spanish,1
e0f7b7378ae728fc,Carlos,Ramirez,carlos.ramirez3013,1999-05-15,Greenlee,Clifton,85550,English,1
ac9249355f08f73f,Elena,Reyes,elena.reyes8361,2019-01-20,Greenlee,Morenci,85540,English,1
28057e71c670651e,Natalie,Molina,natalie.molina9791,1947-03-24,Greenlee,Duncan,85938,English,1
e8fb87dbff342c2f,Maria,Castillo,maria.castillo1195,2022-08-29,Greenlee,Morenci,85938,English,1
2e865b5e7bed42a2,Nora,Ortiz,nora.ortiz591,1950-06-25,Greenlee,Clifton,85550,Spanish,1
b738296602b5c35b,Maria,Garcia,maria.garcia2546,1952-10-06,Greenlee,Clifton,85938,English,1
bac0aff548393b5a,Julian,Aguilar,julian.aguilar9073,1945-11-04,Greenlee,Duncan,85540,English,1
4a5d1890ce3a273d,Mason,Perez,mason.perez9720,1996-05-22,Greenlee,Clifton,85550,English,1
8b4bd49e157e5a02,Gabriel,Perez,gabriel.perez4162,1946-06-19,Greenlee,Duncan,85550,English,1
e848dee46cf19ecf,Ethan,Cruz,ethan.cruz4047,2010-04-19,Greenlee,Duncan,85938,English,1
8cb9bba89ad81255,Jose,Aguilar,jose.aguilar647,1960-01-07,Greenlee,Duncan,85540,English,1
966eb671bc5cab4d,Sofia,Cruz,sofia.cruz227,2010-09-26,Greenlee,Duncan,85938,English,1
8fc51c58b09ed4fc,Alex,Ramirez,alex.ramirez8816,1961-02-07,Greenlee,Morenci,85550,English,1
cb3a3286dc227c85,Daniel,Ramos,daniel.ramos8201,2016-03-15,Greenlee,Morenci,85938,English,1
41cdac8ef5f8375b,Hannah,Cruz,hannah.cruz5141,1972-06-22,Greenlee,Clifton,85550,English,1
dba9bfaa23462511,Diego,Ortiz,diego.ortiz4859,1977-10-28,Greenlee,Morenci,85550,Navajo,1
81384761bad3cfd2,Mia,Ramos,mia.ramos4748,1959-10-11,Greenlee,Duncan,85550,English,1
73cbe3a2b52e38dc,Mia,Ortiz,mia.ortiz7671,1951-05-19,Greenlee,Morenci,85540,English,1
5d89cedf75422144,Lucas,Aguilar,lucas.aguilar8230,1951-10-23,Greenlee,Clifton,85540,English,1
1ec455f566f03662,Liam,Perez,liam.perez6318,2011-08-20,Greenlee,Clifton,85550,Spanish,1
46cf7ce28afdd352,Noah,Ramirez,noah.ramirez9820,1948-09-12,Greenlee,Morenci,85550,English,1
55d901a510fec691,Leah,Ramirez,leah.ramirez5495,1996-07-15,Greenlee,Duncan,85938,English,1
646c498af5de3dd3,Valeria,Sanchez,valeria.sanchez4858,2019-10-28,Greenlee,Duncan,85540,Spanish,1
654c7595568e9bd5,Adrian,Gomez,adrian.gomez7432,1989-08-11,Greenlee,Morenci,85540,English,1
ffc9963e4988fd8a,Miguel,Ramos,miguel.ramos1348,1978-01-10,Greenlee,Morenci,85550,English,1
3fcdd89fdca184db,Jose,Lopez,jose.lopez7130,1957-02-03,Greenlee,Duncan,85550,Spanish,1
c3be221d9ba608f5,Adrian,Mendoza,adrian.mendoza3432,1960-08-01,Greenlee,Clifton,85540,English,1
4fbf9e9a88aa1ba1,Ana,Delgado,ana.delgado607,1973-11-30,Greenlee,Duncan,85550,English,1
037b927ec8d4f1fc,Aria,Delgado,aria.delgado8052,1970-01-07,Greenlee,Duncan,85550,English,1
86944b495753fcab,Ava,Martinez,ava.martinez200,2010-01-22,Greenlee,Duncan,85540,English,1
f6f252091f032582,Chloe,Vasquez,chloe.vasquez4322,1949-08-12,Greenlee,Morenci,85938,Spanish,1
38dc66fc45282b4c,Leah,Sanchez,leah.sanchez4994,1979-02-19,Greenlee,Clifton,85550,English,1
b9e4f03eec0faf34,Miguel,Aguilar,miguel.aguilar1198,1961-09-03,Greenlee,Clifton,85938,English,1
f42a979564e6d887,David,Morales,david.morales9980,1989-11-15,Greenlee,Clifton,85938,English,1
24007480ff836c52,Camila,Delgado,camila.delgado9723,1945-06-28,Greenlee,Morenci,85938,English,1
40751d22b19019c0,Sofia,Rivera,sofia.rivera3831,1986-08-26,Greenlee,Duncan,85938,English,1
6a9580ba06869b19,Noah,Lopez,noah.lopez7431,1946-02-18,Greenlee,Clifton,85550,English,1
ec6366a50c635b9b,Daniel,Aguilar,daniel.aguilar1729,1948-10-16,Greenlee,Clifton,85540,English,1
53925c0e01c6a99e,Chloe,Hernandez,chloe.hernandez2293,2022-10-14,Greenlee,Clifton,85550,Spanish,1
9b2616198f70b4b0,Natalie,Navarro,natalie.navarro6413,1971-05-05,Greenlee,Morenci,85540,English,1
f0f194e969f036f2,Mateo,Martinez,mateo.martinez8339,2003-07-02,Greenlee,Clifton,85540,English,1
3743032f60fdf017,Carlos,Ruiz,carlos.ruiz606,1946-12-13,Greenlee,Morenci,85540,English,1
884df462e8825008,Samuel,Vega,samuel.vega422,2015-07-28,Greenlee,Clifton,85540,English,1
eec3856ad94b46bf,Diego,Rivera,diego.rivera180,2024-12-21,Greenlee,Clifton,85540,English,1
8769254893d04ee7,David,Aguilar,david.aguilar9526,1956-01-13,Greenlee,Duncan,85938,English,1
c13d2fe7586479c0,Mia,Rivera,mia.rivera7130,1987-11-08,Greenlee,Morenci,85938,English,1
219da4462b88c872,Lucas,Cruz,lucas.cruz7512,1992-05-11,Greenlee,Morenci,85540,English,1
d063ba33788d9223,Adrian,Martinez,adrian.martinez9001,2018-12-01,Greenlee,Duncan,85550,Spanish,1
ef65f704b240b287,David,Garcia,david.garcia6143,1968-04-26,Greenlee,Morenci,85550,English,1
5e329d3555e8ba17,Noah,Navarro,noah.navarro6573,1991-05-20,Greenlee,Clifton,85938,English,1
f1b46beed9bdc366,Jose,Rivera,jose.rivera3208,1961-07-13,Greenlee,Morenci,85938,English,1
94d639081c27e20b,Daniel,Sanchez,daniel.sanchez1722,1958-01-19,Greenlee,Clifton,85938,English,1
6da1e513517749b9,David,Ruiz,david.ruiz1020,1950-07-11,Greenlee,Duncan,85540,English,1
4fdd0af5ccb3e890,Daniel,Gomez,daniel.gomez6912,1946-07-25,Greenlee,Morenci,85938,English,1
9a5a870c5f9ac1e7,Ethan,Ortiz,ethan.ortiz4694,1979-09-11,Greenlee,Clifton,85938,English,1
d41b73b815d3fc2a,Lucas,Navarro,lucas.navarro5383,1984-09-16,Greenlee,Clifton,85540,English,1
1eb6999f5d223c59,Samuel,Hernandez,samuel.hernandez1509,1972-01-07,Greenlee,Duncan,85938,English,1
7e587c039b5f8eb9,Miguel,Morales,miguel.morales2090,2007-08-02,Greenlee,Clifton,85540,English,1
1eff9a7cbf70599d,Javier,Gonzalez,javier.gonzalez652,1976-04-26,Greenlee,Clifton,85550,English,1
fd6ed17e88266f14,Olivia,Flores,olivia.flores4706,2024-11-07,Greenlee,Duncan,85550,English,1
0516c495ec7d7d00,Isabella,Diaz,isabella.diaz7638,1959-05-24,Greenlee,Duncan,85550,English,1
adbdad9e6fafc092,Leah,Garcia,leah.garcia1908,2016-06-14,Greenlee,Duncan,85540,English,1
265866093ebea9f0,Emma,Mendoza,emma.mendoza6636,1949-11-22,Greenlee,Clifton,85550,English,1
ee36174ad79fd2a1,David,Flores,david.flores9109,1976-01-04,Greenlee,Duncan,85938,English,1
497a96105ec89a62,Alex,Delgado,alex.delgado5906,1965-02-10,Greenlee,Clifton,85550,Navajo,1
304e092eb0e59012,Noah,Delgado,noah.delgado9795,1949-05-30,Greenlee,Morenci,85550,Spanish,1
7253b2b5257a6b58,Diego,Ruiz,diego.ruiz5854,2002-02-20,Greenlee,Clifton,85550,Spanish,1
9bc58560530eea22,Mateo,Sanchez,mateo.sanchez4969,2006-05-09,Greenlee,Duncan,85540,Navajo,1
869e47ab670a2fd5,Isabella,Lopez,isabella.lopez3841,1940-08-23,Greenlee,Duncan,85540,Spanish,1
9ef9a177de20e083,Jose,Vega,jose.vega4678,1959-07-07,Greenlee,Clifton,85550,Spanish,1
2a4efa90fe4a11cf,Ethan,Delgado,ethan.delgado1895,1969-10-28,Greenlee,Duncan,85550,English,1
75cf2e04e5c24b56,Javier,Silva,javier.silva3532,1982-10-02,Greenlee,Clifton,85540,English,1
1f70240da5af2241,Carlos,Perez,carlos.perez1607,2024-12-20,Greenlee,Duncan,85938,English,1
50d39cbe415a0d04,Emma,Aguilar,emma.aguilar5624,2007-06-30,Greenlee,Duncan,85550,English,1
95c0fabf87e3df16,Lucas,Vasquez,lucas.vasquez8424,1948-03-18,Greenlee,Duncan,85540,Spanish,1
e27922c6c0e23ac8,Miguel,Hernandez,miguel.hernandez5591,2017-10-13,Greenlee,Duncan,85540,English,1
87ab414a259006b2,Gabriel,Rivera,gabriel.rivera4643,1954-10-16,Greenlee,Duncan,85938,English,1
42317dcfb0549295,Sebastian,Vasquez,sebastian.vasquez146,1940-07-10,Greenlee,Duncan,85540,English,1
c8cde39d9cf78b3e,Aria,Castillo,aria.castillo2382,1982-10-03,Greenlee,Clifton,85550,English,1
5082d63341c6c699,Ana,Delgado,ana.delgado749,1969-04-12,Greenlee,Duncan,85938,Spanish,1
1798700858269c9b,Jose,Martinez,jose.martinez4145,1966-11-20,Greenlee,Morenci,85540,Spanish,1
e594ceacf6a6948a,Hannah,Silva,hannah.silva9942,1993-06-23,Greenlee,Duncan,85938,English,1
e1e974d432d074fd,Mia,Silva,mia.silva5371,2016-01-06,Greenlee,Morenci,85938,English,1
7529146447a9fe52,Julian,Flores,julian.flores5772,1984-12-09,Greenlee,Morenci,85550,English,1
0fcb3eb61f804e06,Liam,Morales,liam.morales2377,1985-07-29,Greenlee,Duncan,85938,English,1
65728ad7c5aacb3e,Ana,Vasquez,ana.vasquez4827,1942-09-07,Greenlee,Duncan,85540,English,1
919fbe95deb1552e,Ethan,Castillo,ethan.castillo115,1964-09-29,Greenlee,Clifton,85550,English,1
6976faa1d28c22ff,Emma,Lopez,emma.lopez6508,2024-10-17,Greenlee,Duncan,85540,English,1
16eb1bbc8362e17e,Camila,Sanchez,camila.sanchez76,2020-09-02,Greenlee,Clifton,85550,Spanish,1
6c06f7d76e4d6082,Camila,Sanchez,camila.sanchez6139,2016-10-25,Greenlee,Morenci,85550,English,1
297ef04076a4fce2,Lucas,Molina,lucas.molina5240,2014-12-11,Greenlee,Clifton,85540,English,1
6f44bd0432a439f4,Aiden,Ramirez,aiden.ramirez2066,1940-03-24,Greenlee,Morenci,85938,English,1
5f818dbdfa8d7b7f,Ariana,Mendoza,ariana.mendoza9055,2004-10-13,Greenlee,Duncan,85938,English,1
ab2171a862851c67,Mia,Ramirez,mia.ramirez1039,2007-11-28,Greenlee,Morenci,85540,English,1
5cb67b8a49ba812a,Noah,Cruz,noah.cruz6578,2012-02-21,Greenlee,Clifton,85540,English,1
d04ca85e72c4d3a1,Luna,Morales,luna.morales3273,1961-12-18,Greenlee,Duncan,85938,Spanish,1
fee9d02436329e87,Natalie,Torres,natalie.torres1586,1953-11-20,Greenlee,Duncan,85540,Navajo,1
3eaf3842aed553a0,Camila,Cruz,camila.cruz7352,2007-07-03,Greenlee,Clifton,85550,English,1
ea4b968a26dfcde6,Nora,Vasquez,nora.vasquez8267,1988-04-19,Greenlee,Duncan,85550,English,1
96af9942e199b8ee,Olivia,Mendoza,olivia.mendoza4832,1943-06-11,Greenlee,Duncan,85550,Spanish,1
0c64d5963e48c756,Valeria,Vasquez,valeria.vasquez2486,1970-08-20,Greenlee,Clifton,85550,Navajo,1
ca69c4a9919d7b5f,Leah,Perez,leah.perez2658,2000-12-28,La Paz,Bouse,85344,Spanish,1
1a180a26a0a8a655,Valeria,Lopez,valeria.lopez9166,1984-03-16,La Paz,Bouse,85348,Spanish,1
20fa062de155d9cc,Carlos,Ortiz,carlos.ortiz1114,2022-08-06,La Paz,Quartzsite,85348,English,1
9cddfb487e48b530,Miguel,Diaz,miguel.diaz7650,2004-06-04,La Paz,Bouse,85328,Spanish,1
dff6271c8ebaf4f9,Alex,Delgado,alex.delgado9043,1976-04-14,La Paz,Quartzsite,85328,English,1
308e97cf346ee0ab,Alex,Ruiz,alex.ruiz5472,1970-10-14,La Paz,Parker,85344,Spanish,1
23bec25f5163844a,Mateo,Romero,mateo.romero3018,1940-04-20,La Paz,Bouse,85328,English,1
b73e5eacd488f34f,Emma,Lopez,emma.lopez6906,1995-01-07,La Paz,Bouse,85348,English,1
5cc9fc6cac623401,David,Gonzalez,david.gonzalez2213,1999-11-05,La Paz,Bouse,85344,English,1
9ebdf40b83a497ba,Mason,Vasquez,mason.vasquez2045,2012-09-03,La Paz,Quartzsite,85344,English,1
74128049fb1262e9,Gabriel,Ortiz,gabriel.ortiz8544,1961-05-07,La Paz,Bouse,85344,Spanish,1
0c611a4fa11bf078,Miguel,Molina,miguel.molina2445,1957-10-14,La Paz,Bouse,85344,English,1
f07843556215b6b4,Diego,Romero,diego.romero1089,1990-03-30,La Paz,Quartzsite,85344,English,1
064ab06b1ded3353,Ava,Torres,ava.torres6448,1993-10-30,La Paz,Quartzsite,85328,English,1
2273a6b2cc318f0a,Grace,Gonzalez,grace.gonzalez2518,1951-04-15,La Paz,Bouse,85344,English,1
c4ed56e5115a6b84,Mason,Molina,mason.molina5420,2018-03-15,La Paz,Quartzsite,85344,Spanish,1
b3a4c5b3df47e438,Isabella,Gonzalez,isabella.gonzalez4024,2008-04-29,La Paz,Bouse,85344,English,1
1cc0cd19fb154fa9,Hannah,Navarro,hannah.navarro3756,1952-09-29,La Paz,Parker,85328,Spanish,1
6669c831e2f5d547,Grace,Ramos,grace.ramos3675,1946-09-21,La Paz,Parker,85348,English,1
9650af755d581248,Adrian,Aguilar,adrian.aguilar6223,1982-01-07,La Paz,Bouse,85328,English,1
4d5e9503c0632c9b,Ariana,Ortiz,ariana.ortiz4700,2008-02-26,La Paz,Bouse,85348,English,1
07fafc48592b657e,Noah,Reyes,noah.reyes6836,1991-11-25,La Paz,Bouse,85348,English,1
e475ded057b1643f,Maria,Mendoza,maria.mendoza6795,2023-03-25,La Paz,Bouse,85348,English,1
db02c2fc59053095,Javier,Sanchez,javier.sanchez8562,1961-04-06,La Paz,Quartzsite,85344,English,1
61d7b41c50bbfff0,Miguel,Vasquez,miguel.vasquez8565,2016-10-30,La Paz,Quartzsite,85344,English,1
377011ee1f712060,Maria,Delgado,maria.delgado3899,1940-10-29,La Paz,Bouse,85348,Spanish,1
f5db97dead179d6b,Maria,Romero,maria.romero9029,2003-12-29,La Paz,Parker,85348,Spanish,1
cd9e5229e7f2d5d3,Sofia,Perez,sofia.perez4712,1961-09-18,La Paz,Bouse,85344,English,1
c3d9c233ae779291,Aiden,Delgado,aiden.delgado4343,1987-05-24,La Paz,Bouse,85344,English,1
0e175d17c1361b26,Ana,Aguilar,ana.aguilar635,2020-10-26,La Paz,Quartzsite,85344,English,1
bcf40bb6b8b484d6,Isabella,Delgado,isabella.delgado6252,2007-11-22,La Paz,Bouse,85328,English,1
d7b9501de3216756,Alex,Martinez,alex.martinez4057,1989-05-09,La Paz,Bouse,85348,Spanish,1
8c15096f6b7f60f6,Liam,Lopez,liam.lopez1615,2021-06-19,La Paz,Quartzsite,85328,English,1
48ca828df408d9ff,Valeria,Delgado,valeria.delgado5938,1954-11-22,La Paz,Quartzsite,85348,Spanish,1
b61fc9d8d50cd3ef,Natalie,Ruiz,natalie.ruiz7916,1950-05-02,La Paz,Bouse,85344,Spanish,1
cde75e6d70030f5b,Ana,Gonzalez,ana.gonzalez5668,1989-07-20,La Paz,Parker,85328,English,1
055ffa84c2429abd,Jose,Martinez,jose.martinez1824,1972-04-18,La Paz,Parker,85328,Spanish,1
5b88ca0604c4d2ac,Olivia,Martinez,olivia.martinez4892,1973-09-06,La Paz,Parker,85328,English,1
d9d38258a47252df,Ana,Garcia,ana.garcia9628,1993-02-06,La Paz,Parker,85348,English,1
aad3f442b70cabd6,Olivia,Ramos,olivia.ramos7688,1953-11-17,La Paz,Parker,85328,English,1
079f4111dc6d5543,Alex,Vasquez,alex.vasquez7177,2008-03-18,La Paz,Bouse,85328,English,1
db87cf7ac31a698a,Natalie,Ramirez,natalie.ramirez9283,1999-10-28,La Paz,Parker,85328,Spanish,1
504dedb8a70d35d8,Nora,Aguilar,nora.aguilar7131,1964-04-15,La Paz,Quartzsite,85328,English,1
2ea8bde63b0c1122,Emma,Hernandez,emma.hernandez6221,1970-03-29,La Paz,Bouse,85328,English,1
dcff3b27331b28c5,Diego,Molina,diego.molina5636,1964-11-30,La Paz,Bouse,85328,Spanish,1
2f6591091dccc8a0,Natalie,Aguilar,natalie.aguilar5600,1987-09-06,La Paz,Bouse,85328,Spanish,1
d0c27ccc59dc2750,Alex,Martinez,alex.martinez3052,1980-11-16,La Paz,Quartzsite,85348,Spanish,1
4c21d208ed8f7664,Ethan,Perez,ethan.perez9150,1968-12-10,La Paz,Quartzsite,85344,English,1
69054fe93fc44d27,Aiden,Silva,aiden.silva5200,1973-07-03,La Paz,Quartzsite,85328,English,1
c6752a2d46544751,Noah,Vasquez,noah.vasquez9346,2018-09-13,La Paz,Bouse,85344,English,1
c64cadb24efe2c6d,Aria,Gonzalez,aria.gonzalez4781,1998-08-20,La Paz,Quartzsite,85344,English,1
84385db65ba9326c,Alex,Ramirez,alex.ramirez5162,1957-08-21,La Paz,Quartzsite,85328,Spanish,1
4ea002f4f6e94b98,Julian,Rivera,julian.rivera6614,1994-11-21,La Paz,Parker,85344,English,1
5bd2f2593c4a884f,Hannah,Reyes,hannah.reyes7518,1991-10-24,La Paz,Quartzsite,85348,English,1
b3ae9291749c87a3,Mateo,Dominguez,mateo.dominguez2266,1998-05-16,La Paz,Parker,85328,Navajo,1
d4ffefa5e7b040da,Sebastian,Romero,sebastian.romero297,1974-06-04,La Paz,Parker,85328,English,1
6571a737989a8aef,Diego,Torres,diego.torres9039,1970-12-27,La Paz,Quartzsite,85328,English,1
3da5e6f934b7237c,Elena,Sanchez,elena.sanchez6047,1996-09-28,La Paz,Bouse,85348,Spanish,1
a45c47345d354b74,Mateo,Diaz,mateo.diaz797,1965-03-26,La Paz,Quartzsite,85344,Navajo,1
286279d009eb9d11,Mateo,Rivera,mateo.rivera3281,2021-10-18,La Paz,Quartzsite,85328,English,1
3876983c15cf48b3,Julian,Gonzalez,julian.gonzalez5284,2002-07-17,La Paz,Parker,85348,Spanish,1
63103606e376d39b,Carlos,Flores,carlos.flores8894,1993-01-09,La Paz,Parker,85344,English,1
9d15cea2ace0bbee,Maria,Ramos,maria.ramos4584,2013-02-04,La Paz,Quartzsite,85328,Spanish,1
a077a6fbceaa1a61,Grace,Martinez,grace.martinez6088,1952-01-11,La Paz,Bouse,85344,English,1
e2b50dd61b57b53e,Luna,Delgado,luna.delgado4969,1986-04-21,La Paz,Bouse,85344,English,1
bb252af98d41ce5d,Noah,Delgado,noah.delgado4957,2013-09-23,La Paz,Parker,85344,English,1
01d14abfd96069b6,Ava,Ortiz,ava.ortiz5604,1975-09-02,La Paz,Quartzsite,85344,English,1
9ec96caa710eab4c,Liam,Mendoza,liam.mendoza7403,1970-10-27,La Paz,Quartzsite,85348,English,1
bf994c493343dba6,Javier,Hernandez,javier.hernandez6700,2005-07-23,La Paz,Quartzsite,85328,English,1
59e1fe6477a2dfae,Hannah,Torres,hannah.torres4674,2012-12-25,La Paz,Bouse,85344,English,1
0f4ccf4918c08ebb,Daniel,Navarro,daniel.navarro8506,2020-03-22,La Paz,Quartzsite,85344,English,1
97d7b2a2752afa89,Jose,Castillo,jose.castillo1469,1970-12-28,La Paz,Quartzsite,85344,English,1
6f83538d057e15c2,Julian,Gonzalez,julian.gonzalez3299,2016-04-10,La Paz,Quartzsite,85348,English,1
59facd7a95081639,Camila,Torres,camila.torres3637,1999-11-27,La Paz,Parker,85344,English,1
c8925767f46fa39b,Leah,Flores,leah.flores5051,2008-02-26,La Paz,Parker,85328,English,1
b5bee37f6a73b33b,Natalie,Castillo,natalie.castillo5720,1948-09-14,La Paz,Parker,85344,English,1
f0333df2f7076dbe,Adrian,Torres,adrian.torres5754,1979-04-15,La Paz,Quartzsite,85348,Spanish,1
fecb7ef000f0ce8d,Mia,Lopez,mia.lopez736,1958-01-05,La Paz,Parker,85348,English,1
cbc73252d8361614,Camila,Diaz,camila.diaz898,2015-11-22,La Paz,Quartzsite,85344,English,1
12fdac98ca3408f0,Leah,Morales,leah.morales5045,1999-03-20,La Paz,Parker,85344,English,1
28e069bfbeb23f87,Ana,Rivera,ana.rivera3654,1997-04-06,La Paz,Bouse,85344,English,1
8b72f40d5b9b8826,Sofia,Morales,sofia.morales4304,1944-04-06,La Paz,Parker,85348,English,1
82d4eb6a83c4869c,Camila,Martinez,camila.martinez7864,2021-06-03,La Paz,Quartzsite,85328,English,1
25370505cf51ef8c,Lucas,Perez,lucas.perez802,2000-07-26,La Paz,Parker,85348,Spanish,1
65d4961a2b4cc4bc,Emma,Flores,emma.flores2554,1985-07-08,La Paz,Quartzsite,85328,Spanish,1
8959812d8992b0bc,Camila,Ortiz,camila.ortiz1131,1950-09-25,La Paz,Quartzsite,85344,English,1
750b7e9c5ca9ee02,Lucas,Ruiz,lucas.ruiz6608,1977-02-04,La Paz,Bouse,85348,English,1
1e07bbc91db6559b,Diego,Perez,diego.perez3965,1966-10-16,La Paz,Bouse,85348,English,1
efd7456abfdf1107,Elena,Delgado,elena.delgado8724,1998-12-17,La Paz,Bouse,85344,Spanish,1
0fac6c84fb2f3f97,Ana,Rivera,ana.rivera8385,1961-09-15,La Paz,Quartzsite,85348,English,1
5bcda81fad4e0960,Ariana,Rivera,ariana.rivera1808,1949-09-16,La Paz,Parker,85328,English,1
e4ef9bcad1d33fd4,Gabriel,Torres,gabriel.torres1559,2012-08-02,La Paz,Quartzsite,85344,English,1
3df452f4fe31fe79,Aria,Flores,aria.flores5285,1985-06-11,La Paz,Quartzsite,85344,English,1
c5f6dd59d2939333,Samuel,Ortiz,samuel.ortiz7522,2008-10-18,La Paz,Parker,85344,English,1
7d69867bc1f8191d,Liam,Aguilar,liam.aguilar7625,1975-05-17,La Paz,Quartzsite,85344,English,1
c3ba54cb30fcbc13,Julian,Perez,julian.perez2298,2003-09-21,La Paz,Parker,85328,Spanish,1
cb865dff328bf797,Mia,Silva,mia.silva3094,1946-04-29,La Paz,Bouse,85348,Spanish,1
6d8cd35a6584258c,Mason,Sanchez,mason.sanchez4178,1971-03-18,La Paz,Parker,85328,English,1
c83cccac6b6ec644,Isabella,Cruz,isabella.cruz4279,2008-05-27,La Paz,Quartzsite,85344,English,1
532c3162cb27e62a,Javier,Martinez,javier.martinez8778,1962-11-04,La Paz,Bouse,85328,English,1
df8c35a17e2cfa83,Ethan,Sanchez,ethan.sanchez2616,1966-10-18,La Paz,Bouse,85348,Spanish,1
0cd75331324a787e,Elena,Gonzalez,elena.gonzalez3399,1966-12-02,La Paz,Quartzsite,85328,Spanish,1
766fbe3fdd1aad71,Alex,Perez,alex.perez3071,1996-03-03,La Paz,Bouse,85348,English,1
3498b09443c93b66,Julian,Gonzalez,julian.gonzalez9030,2014-06-30,La Paz,Parker,85328,English,1
3b5c95046faa6c1c,Mateo,Martinez,mateo.martinez2657,2005-01-27,La Paz,Quartzsite,85348,English,1
3acda61002826744,Leah,Hernandez,leah.hernandez7141,2022-01-23,La Paz,Quartzsite,85348,Spanish,1
1585a8a22dfc7b1d,Luna,Castillo,luna.castillo9273,1972-04-27,La Paz,Parker,85344,English,1
fcc3d4afa0343477,Adrian,Reyes,adrian.reyes4438,2011-04-17,La Paz,Bouse,85328,Spanish,1
fcb6504ff5d06032,Adrian,Ramos,adrian.ramos5710,2005-01-27,La Paz,Bouse,85328,English,1
0b013493cfbd627f,Nora,Dominguez,nora.dominguez4635,1945-09-03,La Paz,Quartzsite,85348,Spanish,1
155531ebf16d20e0,Elena,Perez,elena.perez127,2005-11-27,La Paz,Parker,85344,English,1
b409e4d5281d6b92,Grace,Gonzalez,grace.gonzalez4954,2007-02-23,La Paz,Parker,85344,Spanish,1
91e152513729e55d,Sebastian,Vega,sebastian.vega171,2015-01-25,La Paz,Quartzsite,85348,Spanish,1
fdfc5e502ef93253,Grace,Ruiz,grace.ruiz3022,2018-02-26,La Paz,Quartzsite,85344,English,1
764b3ff4794754d2,Emma,Perez,emma.perez6798,1944-02-17,La Paz,Parker,85328,English,1
d702e8a0b9ef7a32,David,Flores,david.flores9265,2018-02-20,La Paz,Bouse,85348,English,1
3a6bda5d93561d34,Gabriel,Ortiz,gabriel.ortiz6153,2004-12-09,La Paz,Bouse,85348,English,1
2ffcf1d932f6977d,Ariana,Diaz,ariana.diaz6078,1986-03-16,La Paz,Quartzsite,85328,English,1
469578515319735d,Jose,Ramirez,jose.ramirez4177,2007-01-11,La Paz,Parker,85348,English,1
0e5dcbc54f53aae2,Chloe,Lopez,chloe.lopez7722,1995-10-16,La Paz,Bouse,85348,English,1
4cc86cb92da46a8e,Carlos,Cruz,carlos.cruz8095,1991-04-23,La Paz,Parker,85344,English,1
834502719bf9d42b,Sebastian,Dominguez,sebastian.dominguez7863,1979-01-19,La Paz,Parker,85328,Spanish,1
1eb57e6e69f09173,Samuel,Dominguez,samuel.dominguez5764,1981-07-13,La Paz,Bouse,85328,English,1
4149d8cbe801410c,Ethan,Morales,ethan.morales1661,1969-05-13,La Paz,Bouse,85328,English,1
644fa9db60871928,Javier,Mendoza,javier.mendoza3883,1967-10-24,La Paz,Parker,85328,English,1
5b0a5938af7040c0,Mia,Mendoza,mia.mendoza2491,1949-05-29,La Paz,Quartzsite,85328,English,1
bb867632a5fccb00,Ana,Delgado,ana.delgado6139,1983-01-30,La Paz,Quartzsite,85348,English,1
28610410554b5334,Hannah,Garcia,hannah.garcia1810,1964-11-17,La Paz,Quartzsite,85344,English,1
44df96d58778b914,Sofia,Rivera,sofia.rivera2171,1966-06-06,La Paz,Bouse,85328,English,1
292fb75572179283,Aria,Martinez,aria.martinez8563,1943-01-06,La Paz,Parker,85344,Navajo,1
0690bef7ab624767,Leah,Mendoza,leah.mendoza705,1984-10-03,La Paz,Bouse,85344,English,1
79a4997b510434fa,Camila,Dominguez,camila.dominguez2311,1943-04-08,La Paz,Parker,85328,Navajo,1
d51cb1f74d6adf9a,Grace,Vega,grace.vega2312,2002-07-26,La Paz,Bouse,85328,Spanish,1
714dac44b317d869,Maria,Ruiz,maria.ruiz4025,1997-01-03,La Paz,Parker,85328,Spanish,1
19ded70ac2caaaaa,Julian,Navarro,julian.navarro6896,2002-08-26,La Paz,Quartzsite,85348,English,1
30ea9c057eca2603,Samuel,Diaz,samuel.diaz1824,1987-08-05,La Paz,Parker,85328,English,1
bc76c36d0dceb6cd,Gabriel,Silva,gabriel.silva4016,1993-01-10,La Paz,Bouse,85344,English,1
6d97ee725b9552aa,Natalie,Gonzalez,natalie.gonzalez7758,2018-01-18,La Paz,Quartzsite,85328,Spanish,1
25fdd685ffa1fdae,Gabriel,Silva,gabriel.silva5350,1980-06-21,La Paz,Parker,85344,English,1
5240cc7087da7ec7,Natalie,Silva,natalie.silva3541,1997-07-26,La Paz,Parker,85328,English,1
83fef954dd82220a,Jose,Romero,jose.romero1860,1960-10-20,La Paz,Quartzsite,85344,Spanish,1
06025771055c6ff9,Sofia,Martinez,sofia.martinez8527,2008-11-29,La Paz,Bouse,85344,Spanish,1
5e438a23df4aa7bd,Leah,Dominguez,leah.dominguez2303,1997-04-07,La Paz,Parker,85348,Spanish,1
c33b25816e7adc06,Ethan,Molina,ethan.molina7943,1990-12-14,La Paz,Parker,85328,English,1
0642ee2707ff8216,Natalie,Hernandez,natalie.hernandez8202,1987-09-12,La Paz,Bouse,85344,Spanish,1
c69c3ec30093dac6,Ariana,Hernandez,ariana.hernandez7014,1961-04-05,La Paz,Quartzsite,85344,English,1
aa26e495ae50893b,David,Castillo,david.castillo7134,1956-08-20,La Paz,Bouse,85328,Spanish,1
b35e7bcf494cfec5,Grace,Sanchez,grace.sanchez4553,1963-10-22,La Paz,Parker,85348,Spanish,1
99de497245cbd44f,Luna,Martinez,luna.martinez7853,1986-08-06,La Paz,Parker,85348,Spanish,1
b8b9d4a734dc2928,Sebastian,Vasquez,sebastian.vasquez2603,1977-03-28,La Paz,Quartzsite,85328,English,1
50e51b4aac48528b,Elena,Perez,elena.perez5617,1949-04-20,La Paz,Parker,85344,English,1
4c5d2fe7d579ff85,Ava,Ramirez,ava.ramirez4099,2022-04-10,La Paz,Parker,85344,Spanish,1
af2e38718f41743a,Julian,Castillo,julian.castillo8551,2023-05-19,La Paz,Quartzsite,85344,English,1
1383e08f32b799ab,Samuel,Gonzalez,samuel.gonzalez6220,1941-11-14,La Paz,Parker,85348,Spanish,1
b5fc72e541ec3ebf,Sebastian,Vega,sebastian.vega5818,1961-02-08,La Paz,Bouse,85328,English,1
aef7a6a131737785,Adrian,Torres,adrian.torres4270,1999-04-25,La Paz,Parker,85348,English,1
0bd71b7834906fe2,Camila,Castillo,camila.castillo7443,2014-03-12,La Paz,Quartzsite,85328,English,1
ee15bd8f4927661a,Daniel,Rivera,daniel.rivera7689,1973-10-15,La Paz,Parker,85328,English,1
2b57bda35e3cc9c2,Nora,Molina,nora.molina5032,1969-09-03,La Paz,Parker,85328,Spanish,1
87ae1df472789d7b,Luna,Hernandez,luna.hernandez5231,2004-09-04,La Paz,Bouse,85348,Spanish,1
f5593865c691b175,Ethan,Rivera,ethan.rivera8337,1970-08-16,La Paz,Parker,85344,English,1
859e51e6c5abcb6e,Javier,Cruz,javier.cruz6553,1987-06-16,La Paz,Quartzsite,85328,English,1
04e856a62cb495b7,Julian,Gonzalez,julian.gonzalez8435,1971-04-22,La Paz,Bouse,85344,Navajo,1
43ea1e4551ac60cf,Lucas,Flores,lucas.flores577,2023-11-21,La Paz,Parker,85348,English,1
551c2d04cd66cabf,Elena,Cruz,elena.cruz8150,2016-03-09,La Paz,Bouse,85348,English,1
aa295b616285f6ab,Olivia,Aguilar,olivia.aguilar2249,1990-04-18,La Paz,Quartzsite,85344,Spanish,1
4472e9fd646b6a30,Natalie,Castillo,natalie.castillo9595,1975-10-06,La Paz,Parker,85348,English,1
2dabc75eca2f04bf,Chloe,Diaz,chloe.diaz5468,1953-03-29,La Paz,Bouse,85328,English,1
9a2d331e07d538c2,Gabriel,Sanchez,gabriel.sanchez6410,1970-07-31,La Paz,Bouse,85344,Spanish,1
9a4e308d61ef3191,Noah,Ortiz,noah.ortiz7067,1963-12-14,La Paz,Parker,85348,English,1
d49a96b0aa144e45,Ariana,Silva,ariana.silva1683,1959-12-07,La Paz,Parker,85328,English,1
b1b40461c9cefbb2,David,Ramirez,david.ramirez4821,1984-11-27,La Paz,Quartzsite,85348,English,1
ae3e36ebf7b8f73d,Adrian,Cruz,adrian.cruz2857,2001-09-24,La Paz,Parker,85328,English,1
203d059a81465e9d,Diego,Gonzalez,diego.gonzalez8007,1975-01-19,La Paz,Parker,85344,English,1
cf444ccdaf841355,Grace,Mendoza,grace.mendoza2088,1987-11-03,La Paz,Bouse,85344,English,1
a499aaa6676ba3f2,Diego,Ramos,diego.ramos6831,2018-05-25,La Paz,Bouse,85348,Navajo,1
24a15b3912d3de6a,Miguel,Gonzalez,miguel.gonzalez2509,1956-01-02,La Paz,Bouse,85348,Spanish,1
f71cc6854c763ca8,Jose,Diaz,jose.diaz4621,1975-07-11,La Paz,Parker,85328,English,1
3831dd975d435e09,Miguel,Rivera,miguel.rivera1484,1975-08-28,La Paz,Parker,85328,English,1
84a14444325d608e,Olivia,Castillo,olivia.castillo6520,2013-07-06,La Paz,Bouse,85348,English,1
341952b028ae860b,Emma,Hernandez,emma.hernandez3487,1984-06-11,La Paz,Quartzsite,85328,Spanish,1
b0002b84585caf6b,Natalie,Cruz,natalie.cruz8737,1990-04-30,La Paz,Quartzsite,85344,English,1
1fac64d63952d0aa,Miguel,Romero,miguel.romero6601,2010-01-15,La Paz,Bouse,85344,English,1
4723da6e197b1e60,Luna,Vega,luna.vega2228,1998-03-11,La Paz,Quartzsite,85344,English,1
40b985020d032341,Aria,Dominguez,aria.dominguez863,1959-10-28,La Paz,Quartzsite,85328,English,1
f8e780d197ec4220,Ana,Reyes,ana.reyes4642,1953-08-11,La Paz,Bouse,85344,English,1
3e7f88d458940600,Mason,Vasquez,mason.vasquez268,1977-06-22,La Paz,Quartzsite,85348,English,1
c246fc48a62e7c32,Ethan,Flores,ethan.flores9254,1959-08-01,La Paz,Parker,85344,English,1
35e2c20141ae8b84,Luna,Flores,luna.flores289,1983-03-30,La Paz,Parker,85328,English,1
202be15958dfec86,Maria,Flores,maria.flores8939,1972-05-14,La Paz,Bouse,85328,Spanish,1
f08e3dd3ad75b4d6,Ava,Cruz,ava.cruz7027,2014-11-26,La Paz,Bouse,85348,English,1
0f1f552080e53a5f,Diego,Garcia,diego.garcia2827,1975-04-23,La Paz,Quartzsite,85348,English,1
a8d4dc360d67579f,Elena,Rivera,elena.rivera2560,1988-10-24,La Paz,Parker,85348,English,1
040e36ed6329629f,Hannah,Ruiz,hannah.ruiz9226,1971-12-18,La Paz,Parker,85328,English,1
566afb2fcc3b2430,Ethan,Ruiz,ethan.ruiz5987,1946-01-10,La Paz,Quartzsite,85344,Navajo,1
8b0d5260efad7d11,Mateo,Diaz,mateo.diaz9744,1961-06-20,La Paz,Quartzsite,85344,Spanish,1
9ffe897d09fa9186,Natalie,Lopez,natalie.lopez8378,1995-07-27,La Paz,Parker,85328,English,1
9bae53eb679ebb06,Liam,Perez,liam.perez4178,1945-10-13,La Paz,Parker,85344,English,1
841bf807186e7c6a,Aiden,Dominguez,aiden.dominguez8966,1956-03-07,La Paz,Bouse,85344,Spanish,1
948030f33eb85401,Daniel,Ortiz,daniel.ortiz9759,1988-01-31,La Paz,Bouse,85328,English,1
80c3b4ea76253931,Javier,Hernandez,javier.hernandez8939,1958-02-01,Maricopa,Phoenix,85003,Spanish,1
07d54192a9c511f2,Diego,Romero,diego.romero1519,1966-06-16,Maricopa,Glendale,85003,English,1
401f39c4294b6ff0,Mason,Navarro,mason.navarro6116,1991-12-15,Maricopa,Mesa,85003,Spanish,1
cffc27dcc816caf5,Carlos,Vega,carlos.vega4631,2003-01-15,Maricopa,Glendale,85003,Spanish,1
5c5fca706545f398,Carlos,Martinez,carlos.martinez2295,2004-05-18,Maricopa,Phoenix,85224,English,1
05eaec699b3fdc3e,Miguel,Navarro,miguel.navarro2811,1956-09-16,Maricopa,Mesa,85224,English,1
2b76fae8ecffb3d8,Maria,Molina,maria.molina9744,1941-11-26,Maricopa,Mesa,85224,Spanish,1
0645e15da1b3a77b,Hannah,Ortiz,hannah.ortiz5939,1994-04-16,Maricopa,Mesa,85003,Spanish,1
6a5f1fe8598c0e1c,Mason,Hernandez,mason.hernandez8121,1988-04-24,Maricopa,Glendale,85308,English,1
4d6a09bc8b9685be,Mason,Mendoza,mason.mendoza6309,1969-05-03,Maricopa,Glendale,85308,English,1
88dfd7aaee212b80,Samuel,Hernandez,samuel.hernandez4475,2015-05-18,Maricopa,Phoenix,85224,English,1
d0cc6faef207befd,Miguel,Delgado,miguel.delgado7332,2009-08-12,Maricopa,Phoenix,85308,English,1
d37973c5275b18f8,Ariana,Silva,ariana.silva5288,1947-07-07,Maricopa,Glendale,85224,English,1
c64d0247e65dd12c,Gabriel,Martinez,gabriel.martinez2909,1941-12-01,Maricopa,Glendale,85308,Spanish,1
931faf804675479f,Miguel,Gomez,miguel.gomez1177,1952-11-25,Maricopa,Glendale,85003,English,1
ae2e76ceb0554b93,Sebastian,Martinez,sebastian.martinez6478,1976-02-07,Maricopa,Glendale,85308,Spanish,1
7c5c348278ae4a13,Samuel,Silva,samuel.silva6602,1970-04-23,Maricopa,Glendale,85224,English,1
2aab34fe8f361e57,Ariana,Molina,ariana.molina5701,2017-03-29,Maricopa,Mesa,85224,English,1
eb6c7628e0bf59df,Mia,Molina,mia.molina3929,2001-10-17,Maricopa,Mesa,85003,English,1
edee43fe40bfc64b,Samuel,Martinez,samuel.martinez1872,1955-06-08,Maricopa,Glendale,85003,English,1
1372705fa934073b,Liam,Molina,liam.molina5935,1987-06-16,Maricopa,Phoenix,85224,English,1
838ee3d4890bb8ae,Ava,Romero,ava.romero5946,1965-04-10,Maricopa,Mesa,85224,English,1
61f27ce450bcf3f5,Lucas,Gomez,lucas.gomez5304,2017-10-07,Maricopa,Phoenix,85224,English,1
44fca5757cd9339e,Gabriel,Rivera,gabriel.rivera6410,1983-02-09,Maricopa,Glendale,85308,English,1
90f56ef73a4d6ee2,Liam,Silva,liam.silva7898,1962-09-16,Maricopa,Glendale,85003,Spanish,1
775631076eb99158,Adrian,Diaz,adrian.diaz4889,1972-07-19,Maricopa,Glendale,85308,Spanish,1
c0a741a392d3eb4d,Olivia,Martinez,olivia.martinez8049,1989-03-20,Maricopa,Mesa,85308,English,1
c8e0f3fda7cf5648,Sofia,Delgado,sofia.delgado8610,2022-06-28,Maricopa,Phoenix,85308,English,1
b4f694246bd4440f,Alex,Sanchez,alex.sanchez1935,1972-01-31,Maricopa,Phoenix,85224,English,1
4f064d9eeb584e40,Grace,Garcia,grace.garcia5526,1965-04-11,Maricopa,Glendale,85308,English,1
8e92ab72f36daa35,Adrian,Garcia,adrian.garcia7627,2022-06-08,Maricopa,Glendale,85224,Spanish,1
f9c957d76fd3d5d5,Sebastian,Ramirez,sebastian.ramirez6775,1967-08-01,Maricopa,Mesa,85003,English,1
5f82f17904c137f8,Valeria,Ramirez,valeria.ramirez1217,1961-02-11,Maricopa,Glendale,85308,English,1
011f62573642de5e,Ariana,Ortiz,ariana.ortiz3129,1980-12-13,Maricopa,Phoenix,85308,Spanish,1
6cf629ad7488fc76,Isabella,Aguilar,isabella.aguilar9718,1973-05-31,Maricopa,Glendale,85224,English,1
4a767ea86f397e88,Grace,Mendoza,grace.mendoza7599,2001-05-23,Maricopa,Phoenix,85003,English,1
3cab766b88c04495,Olivia,Torres,olivia.torres5060,1998-05-31,Maricopa,Phoenix,85003,English,1
bd4002308dc9464a,Maria,Silva,maria.silva1892,1987-01-26,Maricopa,Mesa,85003,English,1
5a7d10607ac7608e,Diego,Gomez,diego.gomez2425,1963-04-27,Maricopa,Mesa,85003,English,1
35b0a8ac39fd3909,Camila,Lopez,camila.lopez1357,1962-11-08,Maricopa,Mesa,85224,English,1
b22f4e6863cc0c04,Samuel,Silva,samuel.silva961,1940-05-14,Maricopa,Phoenix,85003,English,1
948c814ce1d56380,Ana,Vasquez,ana.vasquez6241,1948-05-14,Maricopa,Phoenix,85308,English,1
7a4f9f6b35b88777,Diego,Vega,diego.vega7461,1948-12-22,Maricopa,Mesa,85003,English,1
aa6323ce7aaf8bdc,Sofia,Reyes,sofia.reyes1687,1979-06-06,Maricopa,Mesa,85308,English,1
06dfd1accff93d6e,Miguel,Flores,miguel.flores8565,1956-10-07,Maricopa,Glendale,85308,English,1
44de3d03eaf52934,Adrian,Molina,adrian.molina834,1950-01-27,Maricopa,Glendale,85308,English,1
e0ec358431420b5b,Carlos,Ruiz,carlos.ruiz2266,2001-06-14,Maricopa,Phoenix,85308,English,1
f417afb6504ca160,Mia,Perez,mia.perez2765,1987-07-28,Maricopa,Phoenix,85308,English,1
02205663ccbb627b,Sofia,Cruz,sofia.cruz5007,1962-11-10,Maricopa,Phoenix,85003,English,1
5b6ea6f3b5ab3038,Camila,Torres,camila.torres1921,1958-08-02,Maricopa,Glendale,85308,English,1
a2f0acfb1ab18d3e,Jose,Gomez,jose.gomez2293,1999-12-26,Maricopa,Mesa,85224,English,1
9fc6ed8e2c2e3e23,Daniel,Flores,daniel.flores4026,2008-06-15,Maricopa,Mesa,85003,English,1
b6682d6fb8947290,Aiden,Hernandez,aiden.hernandez6304,2011-01-30,Maricopa,Phoenix,85224,Spanish,1
03a41eee0f109fb8,Aiden,Ramirez,aiden.ramirez2119,2017-12-20,Maricopa,Phoenix,85003,English,1
9a2b267e7aa2c3ee,Leah,Gonzalez,leah.gonzalez4712,2008-06-10,Maricopa,Mesa,85224,Spanish,1
9b4ca3645017d213,Javier,Cruz,javier.cruz2534,1979-06-28,Maricopa,Mesa,85003,English,1
3f3c0363e156f384,Mia,Molina,mia.molina5933,2017-02-04,Maricopa,Mesa,85308,English,1
76a311ff782237c2,Aiden,Gomez,aiden.gomez4070,1989-04-17,Maricopa,Mesa,85224,English,1
4b1964629dad24c4,Nora,Navarro,nora.navarro3485,1981-02-15,Maricopa,Phoenix,85003,English,1
956f41e7d244d027,Valeria,Reyes,valeria.reyes931,1975-12-06,Maricopa,Glendale,85308,English,1
47594d481e553524,Luna,Dominguez,luna.dominguez3218,2012-06-30,Maricopa,Glendale,85308,English,1
43fc4a89ca2a8f2e,Isabella,Morales,isabella.morales2316,1958-09-04,Maricopa,Phoenix,85308,English,1
4b9cb12a5c4db098,Alex,Delgado,alex.delgado5507,1970-10-16,Maricopa,Phoenix,85224,English,1
7f6a90d40fc9d50b,Noah,Delgado,noah.delgado5236,1988-06-04,Maricopa,Phoenix,85003,English,1
b829811d9071e922,Maria,Gomez,maria.gomez5676,1994-12-07,Maricopa,Glendale,85224,English,1
810b23fbe6146cca,Jose,Cruz,jose.cruz6376,1940-12-27,Maricopa,Glendale,85224,English,1
6a98e05350a33e55,Lucas,Aguilar,lucas.aguilar3490,1953-09-30,Maricopa,Phoenix,85224,English,1
4cad19e6cc7a2e3d,Mason,Vega,mason.vega4204,1967-01-27,Maricopa,Mesa,85003,English,1
cc1adfcaf47b3a70,Aria,Torres,aria.torres4260,1967-07-04,Maricopa,Mesa,85308,English,1
372b71ce4f8f5ebf,Carlos,Gonzalez,carlos.gonzalez9374,1978-05-06,Maricopa,Glendale,85224,English,1
5bc7c793a5cb5cec,Daniel,Reyes,daniel.reyes2711,1956-09-01,Maricopa,Glendale,85003,English,1
4aca2b621822a790,Gabriel,Rivera,gabriel.rivera9167,2008-10-06,Maricopa,Glendale,85003,English,1
9b217844254de74e,Isabella,Romero,isabella.romero4331,1996-11-29,Maricopa,Mesa,85308,English,1
bf1ed7d7dc1f3358,Aria,Reyes,aria.reyes1239,1982-12-13,Maricopa,Phoenix,85308,Navajo,1
b14b18f93e7f8a67,Ethan,Perez,ethan.perez4636,1988-10-16,Maricopa,Glendale,85224,Spanish,1
e8259596df1c494e,Grace,Morales,grace.morales7371,1959-10-01,Maricopa,Phoenix,85224,English,1
7768af19aa526d32,Olivia,Vasquez,olivia.vasquez2585,1952-03-05,Maricopa,Phoenix,85224,English,1
dd571e79c4060f06,Ethan,Romero,ethan.romero43,2021-06-30,Maricopa,Glendale,85308,English,1
a651f2d120e5eae3,David,Torres,david.torres4112,1950-01-05,Maricopa,Mesa,85003,English,1
757f356f38be642f,Ariana,Ruiz,ariana.ruiz2398,1970-12-06,Maricopa,Phoenix,85003,English,1
2a57dd12f025e860,Aiden,Ortiz,aiden.ortiz2689,2023-12-31,Maricopa,Glendale,85308,English,1
fc441050015bcda8,Ethan,Navarro,ethan.navarro2769,1941-11-20,Maricopa,Glendale,85308,English,1
b001ef56754e51af,Miguel,Gomez,miguel.gomez8607,1947-11-30,Maricopa,Phoenix,85003,English,1
aa931e9f616f0b06,Nora,Lopez,nora.lopez6654,1971-01-24,Maricopa,Glendale,85224,Navajo,1
e77f7f026daf8158,Grace,Sanchez,grace.sanchez8791,1998-05-26,Maricopa,Glendale,85308,Spanish,1
8279a68175024299,Adrian,Diaz,adrian.diaz5958,1981-01-14,Maricopa,Mesa,85308,Spanish,1
609d7e1c98030757,Diego,Morales,diego.morales4667,2008-12-10,Maricopa,Mesa,85224,English,1
efa6a9774b2656ab,Grace,Sanchez,grace.sanchez7452,1977-02-02,Maricopa,Glendale,85003,English,1
2f463d154f44c90d,Julian,Ramos,julian.ramos6936,1993-01-12,Maricopa,Glendale,85224,English,1
3b8ef0c11107af7d,Julian,Dominguez,julian.dominguez9266,2006-07-14,Maricopa,Phoenix,85308,Spanish,1
263b15822cad89ae,Emma,Ramos,emma.ramos6700,1955-09-18,Maricopa,Phoenix,85003,English,1
92ea66ed026cad1e,Grace,Dominguez,grace.dominguez9993,1967-02-24,Maricopa,Mesa,85224,English,1
b33b1e2b8e0da0b2,Diego,Perez,diego.perez974,1992-10-28,Maricopa,Mesa,85003,English,1
2b0b689b007401e0,Diego,Cruz,diego.cruz8377,1952-07-23,Maricopa,Mesa,85308,Spanish,1
bc1372077be0a093,Sofia,Dominguez,sofia.dominguez29,1987-07-16,Maricopa,Mesa,85003,English,1
1664a78c2c0a22ee,Olivia,Gonzalez,olivia.gonzalez7983,2004-06-11,Maricopa,Phoenix,85224,English,1
2109d3c504ebc7d9,Mateo,Ramirez,mateo.ramirez8937,2020-12-18,Maricopa,Phoenix,85224,English,1
4262bd5692c6d054,Emma,Vega,emma.vega8826,1956-07-13,Maricopa,Glendale,85003,English,1
6f82dbc4ce15ccb9,Mateo,Ramirez,mateo.ramirez800,1994-02-26,Maricopa,Glendale,85224,English,1
a87113ab02ebf954,Mateo,Torres,mateo.torres1413,1946-09-02,Maricopa,Mesa,85224,English,1
5eae740574723452,Aria,Ramos,aria.ramos4319,1946-07-26,Maricopa,Mesa,85308,English,1
b5df751552ff6e17,Valeria,Ruiz,valeria.ruiz2883,1958-11-11,Maricopa,Glendale,85003,English,1
7daa26bf231211de,Luna,Vega,luna.vega5070,2020-06-18,Maricopa,Phoenix,85308,English,1
55978137b4ae953a,Lucas,Reyes,lucas.reyes8900,1957-08-31,Maricopa,Glendale,85308,Spanish,1
68e1f1b622bcf519,Daniel,Cruz,daniel.cruz8807,2001-10-14,Maricopa,Phoenix,85224,English,1
ca76464204beeddf,Isabella,Garcia,isabella.garcia9795,1950-09-12,Maricopa,Mesa,85308,English,1
ee7341c5d15af4a0,Ava,Delgado,ava.delgado8299,1987-07-11,Maricopa,Glendale,85224,English,1
45ab1505dd2dd6fe,Aiden,Delgado,aiden.delgado85,1981-06-21,Maricopa,Glendale,85003,Spanish,1
30fcc97099cc62e5,Gabriel,Diaz,gabriel.diaz5174,2012-10-02,Maricopa,Mesa,85224,Spanish,1
fcf26c647f13d435,Lucas,Molina,lucas.molina8303,1961-07-20,Maricopa,Phoenix,85224,English,1
f7ae280f3d20c34c,Aiden,Ruiz,aiden.ruiz5494,2002-12-10,Maricopa,Glendale,85308,Spanish,1
f170e1f7c00f4881,Emma,Mendoza,emma.mendoza6533,1952-03-28,Maricopa,Mesa,85224,Spanish,1
2fb296e62216be9f,Sofia,Dominguez,sofia.dominguez6706,1996-03-23,Maricopa,Mesa,85003,English,1
5825e75145020c95,Julian,Rivera,julian.rivera4500,1963-07-09,Maricopa,Glendale,85003,Spanish,1
90c8ca51b4a312e7,Ava,Torres,ava.torres344,1986-07-28,Maricopa,Glendale,85224,Navajo,1
ab9a18c3d5ef6427,Chloe,Ramos,chloe.ramos6865,2008-01-27,Maricopa,Phoenix,85003,English,1
8a4691ebd46fade5,Jose,Romero,jose.romero5139,2003-04-12,Maricopa,Phoenix,85308,English,1
57097b37c0be6ec6,Ethan,Rivera,ethan.rivera1893,1952-10-10,Maricopa,Phoenix,85003,English,1
be076b90694fa3cb,Jose,Torres,jose.torres7776,1982-07-19,Maricopa,Mesa,85308,English,1
45ecbe21aa00925b,Chloe,Gonzalez,chloe.gonzalez4697,1993-12-08,Maricopa,Phoenix,85003,English,1
f9d83f59d2b04e4f,Carlos,Delgado,carlos.delgado359,1962-05-17,Maricopa,Mesa,85003,Spanish,1
33a8ea0cc7c4f7fa,Miguel,Gonzalez,miguel.gonzalez968,2010-01-17,Maricopa,Phoenix,85308,Spanish,1
9b59ae16ad10f61c,David,Martinez,david.martinez5892,1946-03-22,Maricopa,Phoenix,85003,Spanish,1
c998907f7136c73f,Camila,Ortiz,camila.ortiz7444,2018-12-13,Maricopa,Glendale,85224,English,1
16fc098b70a9234b,Noah,Ramos,noah.ramos5114,1963-11-05,Maricopa,Phoenix,85003,Spanish,1
dde6631b58135daa,Sofia,Delgado,sofia.delgado8923,2006-03-11,Maricopa,Phoenix,85224,English,1
cf32e8c4ca8c89f8,Mason,Gomez,mason.gomez2446,1943-11-13,Maricopa,Glendale,85308,English,1
af2272196d8e894c,Gabriel,Perez,gabriel.perez9098,1955-06-07,Maricopa,Glendale,85308,Spanish,1
52023b7fd6c09db9,Ava,Vega,ava.vega5117,1956-11-02,Maricopa,Glendale,85224,English,1
5310561f9062aa72,Valeria,Ramos,valeria.ramos7175,2022-08-09,Maricopa,Glendale,85308,English,1
da5102e807351f07,Valeria,Castillo,valeria.castillo1590,1953-06-01,Maricopa,Mesa,85308,English,1
7e58acb3d00eb71f,Olivia,Delgado,olivia.delgado5348,2000-07-09,Maricopa,Phoenix,85224,English,1
8f8dd0e696edc899,Mia,Molina,mia.molina2136,1968-08-02,Maricopa,Glendale,85003,English,1
545c489db2e3d523,Ethan,Delgado,ethan.delgado438,1973-09-22,Maricopa,Phoenix,85224,English,1
810518a94dd4faaa,Gabriel,Ramos,gabriel.ramos4041,1984-03-17,Maricopa,Glendale,85308,English,1
540642f2f6562b68,David,Molina,david.molina1380,1999-04-19,Maricopa,Mesa,85224,English,1
fa17cbe89fb6eef7,Diego,Hernandez,diego.hernandez9282,2017-10-27,Maricopa,Glendale,85003,Spanish,1
2604ffc9db777aff,Daniel,Diaz,daniel.diaz8414,1952-04-14,Maricopa,Glendale,85308,English,1
43e9a310e6d0493e,Natalie,Vasquez,natalie.vasquez8562,2008-04-11,Maricopa,Phoenix,85224,English,1
d33dd30ee08505fe,Miguel,Morales,miguel.morales2538,1965-05-14,Maricopa,Mesa,85224,Spanish,1
5dca99d46f92eb47,Miguel,Perez,miguel.perez6412,2020-03-27,Maricopa,Glendale,85308,Spanish,1
bc5d6dc5bf38ea79,Samuel,Torres,samuel.torres3389,2008-02-23,Maricopa,Glendale,85224,Spanish,1
9b8571ba111d5a1d,Olivia,Torres,olivia.torres857,1948-01-18,Maricopa,Mesa,85224,English,1
ec244533484f4733,Hannah,Ortiz,hannah.ortiz6279,1949-07-19,Maricopa,Glendale,85003,English,1
9e17327d9d54aa0b,Lucas,Torres,lucas.torres5638,1980-01-28,Maricopa,Mesa,85003,Spanish,1
74f9aaab3d9905c7,Aiden,Ortiz,aiden.ortiz8935,1969-12-20,Maricopa,Mesa,85224,English,1
555bc485c948c7f5,Javier,Torres,javier.torres6599,2004-06-12,Maricopa,Glendale,85224,English,1
122146ebe91de955,Mia,Reyes,mia.reyes2900,1980-12-24,Maricopa,Phoenix,85308,Spanish,1
13435c4db1ae8537,Ariana,Gonzalez,ariana.gonzalez4276,1990-12-05,Maricopa,Glendale,85224,English,1
60201ae4b5afdff3,Liam,Castillo,liam.castillo6073,1953-04-27,Maricopa,Glendale,85308,English,1
b7408af41079be35,Miguel,Garcia,miguel.garcia3454,1971-03-07,Maricopa,Phoenix,85003,English,1
7134702658fe401c,Chloe,Silva,chloe.silva6110,2023-08-06,Maricopa,Glendale,85308,English,1
aca75a2a62414ce4,Ethan,Sanchez,ethan.sanchez6162,1969-06-11,Maricopa,Phoenix,85308,English,1
97e4e1053d5725f0,Diego,Rivera,diego.rivera766,1944-02-12,Maricopa,Glendale,85224,English,1
de430cb73b9852bc,Gabriel,Delgado,gabriel.delgado1530,1974-02-24,Maricopa,Glendale,85308,English,1
d2d4fabb9a156fc3,Aiden,Navarro,aiden.navarro6358,2017-03-03,Maricopa,Mesa,85003,English,1
698ffe5e62ac65ef,Emma,Perez,emma.perez5494,1989-01-31,Maricopa,Mesa,85308,Spanish,1
dcb70af0952e6b3a,Sofia,Rivera,sofia.rivera3838,1959-04-09,Maricopa,Phoenix,85003,Spanish,1
fe92960c1b8d550e,Mason,Rivera,mason.rivera3441,1966-04-15,Maricopa,Phoenix,85003,Spanish,1
6a445854fab6895a,Lucas,Castillo,lucas.castillo5625,1977-01-11,Maricopa,Mesa,85003,English,1
ee32aefde627f764,Mateo,Gonzalez,mateo.gonzalez4552,2007-07-18,Maricopa,Glendale,85308,Navajo,1
1e321153e43ab59c,Miguel,Vega,miguel.vega5401,1987-08-31,Maricopa,Phoenix,85224,English,1
68a49e9d532009f1,Luna,Perez,luna.perez6495,1959-03-21,Maricopa,Mesa,85224,English,1
232b14bf6f9fba9b,Carlos,Aguilar,carlos.aguilar2592,2012-04-13,Maricopa,Mesa,85224,English,1
21e9f5447d26f00c,Daniel,Vega,daniel.vega1625,1985-07-16,Maricopa,Phoenix,85224,Spanish,1
785e5615cc8535de,David,Molina,david.molina3893,1989-12-13,Maricopa,Mesa,85308,English,1
8327c92a188af561,Ethan,Vega,ethan.vega7965,1986-08-08,Maricopa,Phoenix,85003,English,1
aef91321a71831f4,Noah,Silva,noah.silva8163,1977-03-02,Maricopa,Glendale,85308,English,1
c6b7af6e4c6299a6,Aria,Vega,aria.vega6601,1950-09-08,Maricopa,Glendale,85003,English,1
75130dd3b2c1d85b,Emma,Silva,emma.silva7848,1942-09-18,Maricopa,Mesa,85224,English,1
91b7741950bd6fe0,Maria,Romero,maria.romero4555,1945-11-26,Maricopa,Phoenix,85003,English,1
5e92d22aee5708d2,Hannah,Dominguez,hannah.dominguez2361,1999-10-30,Maricopa,Glendale,85224,English,1
c8740511a50f15fc,Grace,Lopez,grace.lopez2091,1990-06-13,Maricopa,Glendale,85003,English,1
8a01db77a04b4980,Nora,Morales,nora.morales9578,2018-09-06,Maricopa,Phoenix,85308,English,1
a1de532b9a325bbb,Isabella,Castillo,isabella.castillo3159,1957-08-02,Maricopa,Mesa,85003,English,1
30520642529843a2,Javier,Diaz,javier.diaz4463,2009-12-04,Maricopa,Phoenix,85308,English,1
9f3d856c45d1e473,David,Vega,david.vega505,1971-02-01,Maricopa,Glendale,85224,English,1
1b80b499ac635963,Olivia,Martinez,olivia.martinez1155,2000-10-11,Maricopa,Glendale,85308,Spanish,1
acdefa16ad26f03e,Camila,Vasquez,camila.vasquez4152,1955-06-21,Maricopa,Glendale,85308,English,1
62de70eae934421a,Mason,Martinez,mason.martinez4459,2019-01-29,Maricopa,Mesa,85224,Spanish,1
26a88bfadf691104,Noah,Silva,noah.silva3900,1973-03-23,Maricopa,Phoenix,85003,English,1
bec0cf28b44aed23,Leah,Diaz,leah.diaz9994,1979-09-08,Maricopa,Phoenix,85003,English,1
1ac2219278a4c78e,Aiden,Silva,aiden.silva2005,1980-06-20,Maricopa,Phoenix,85308,English,1
54443ac1c67dec7b,Leah,Sanchez,leah.sanchez7203,1972-09-23,Maricopa,Mesa,85224,English,1
689873f5ea465a88,Chloe,Ramirez,chloe.ramirez6981,1984-10-27,Maricopa,Mesa,85224,English,1
6bb41bcc44e995ba,Ava,Ortiz,ava.ortiz2910,1942-10-07,Maricopa,Phoenix,85224,English,1
0adc7f2dad54eae7,Luna,Diaz,luna.diaz2921,1964-11-07,Maricopa,Phoenix,85308,English,1
bc3678d796290f0b,Sofia,Mendoza,sofia.mendoza8310,1999-05-29,Maricopa,Phoenix,85224,Navajo,1
8093b644a65775de,Aria,Cruz,aria.cruz1465,1984-10-29,Maricopa,Glendale,85308,English,1
ec4da08017a71478,Ava,Silva,ava.silva1002,1968-01-31,Maricopa,Phoenix,85308,English,1
5ac6024e0fb8649d,Ethan,Reyes,ethan.reyes8113,1976-06-02,Maricopa,Glendale,85003,Spanish,1
a86e6716f350345c,Elena,Flores,elena.flores7791,1956-03-14,Maricopa,Glendale,85224,Spanish,1
de8a0701e97e180b,Mia,Vega,mia.vega307,1975-06-22,Maricopa,Mesa,85308,English,1
4660dfe192a5ac08,Diego,Ortiz,diego.ortiz9160,1962-04-29,Maricopa,Phoenix,85003,English,1
32c4f9b8fbe18b0a,Adrian,Martinez,adrian.martinez6898,2004-05-16,Maricopa,Mesa,85003,English,1
32fecfb977dd75ab,Mason,Dominguez,mason.dominguez7343,2004-06-14,Maricopa,Phoenix,85003,English,1
583914ffbce7731d,Liam,Morales,liam.morales5960,2001-02-25,Maricopa,Glendale,85224,English,1
0a569b71d826a1d3,Chloe,Ortiz,chloe.ortiz7514,1972-08-19,Maricopa,Phoenix,85308,Spanish,1
b21a89cafe191cf1,Luna,Lopez,luna.lopez5055,2015-07-23,Maricopa,Phoenix,85003,English,1
0629d4c30ea3279f,Ana,Ramos,ana.ramos2996,1962-07-04,Maricopa,Phoenix,85308,English,1
80f7ff1362a380c1,Julian,Castillo,julian.castillo2193,1950-02-24,Mohave,Lake Havasu City,86403,English,1
de231b2fe6cdefde,Sofia,Delgado,sofia.delgado4698,1974-08-16,Mohave,Bullhead City,86401,Navajo,1
d66718d77a811366,Aiden,Gomez,aiden.gomez1927,1981-04-14,Mohave,Kingman,86401,Spanish,1
ce5fafff5d94a7c7,Ana,Dominguez,ana.dominguez9739,1979-08-21,Mohave,Kingman,86442,English,1
6fd4eb31dc175470,Liam,Torres,liam.torres894,1945-02-09,Mohave,Kingman,86401,English,1
b8d50b47cf666d79,Javier,Hernandez,javier.hernandez5795,1982-05-15,Mohave,Bullhead City,86442,English,1
ebea944b45c69aa2,Diego,Gomez,diego.gomez7750,1951-08-09,Mohave,Bullhead City,86403,English,1
ac9e3b624988b9d0,Adrian,Hernandez,adrian.hernandez3312,2001-09-27,Mohave,Bullhead City,86401,English,1
d2f2fb0f7fc2101e,Isabella,Mendoza,isabella.mendoza997,2010-07-21,Mohave,Bullhead City,86401,English,1
de723eef2b22da7a,Liam,Silva,liam.silva4620,1945-03-26,Mohave,Lake Havasu City,86442,English,1
cff43fe18cb8d35a,Noah,Perez,noah.perez5432,1950-11-01,Mohave,Bullhead City,86442,English,1
4b64ace63afef096,Elena,Castillo,elena.castillo4008,1981-12-04,Mohave,Kingman,86401,Spanish,1
152e0c3f25d579a9,Aria,Vega,aria.vega1744,1970-01-27,Mohave,Lake Havasu City,86403,Spanish,1
5cca44aee66d235a,Maria,Ruiz,maria.ruiz4059,1986-01-12,Mohave,Bullhead City,86403,English,1
e826e06bb21448e3,Camila,Reyes,camila.reyes1362,1948-08-30,Mohave,Kingman,86401,English,1
6087da5a7a02d41b,Mateo,Gomez,mateo.gomez8331,1966-04-19,Mohave,Bullhead City,86442,English,1
141cf1ef1a19e03e,Ava,Reyes,ava.reyes8798,2010-09-16,Mohave,Lake Havasu City,86401,Spanish,1
b9e65f1757ebfa8c,Samuel,Martinez,samuel.martinez137,1978-04-13,Mohave,Bullhead City,86401,English,1
d6239b98a55ed20b,Aria,Ramos,aria.ramos8820,2004-09-18,Mohave,Lake Havasu City,86442,English,1
90747fd7c4923718,Valeria,Reyes,valeria.reyes5602,1998-12-31,Mohave,Kingman,86403,English,1
b66927cfab4a98c1,Daniel,Silva,daniel.silva1995,1992-06-21,Mohave,Kingman,86401,Spanish,1
970f47bd1b4319b4,Noah,Mendoza,noah.mendoza8650,2021-11-15,Mohave,Lake Havasu City,86442,Spanish,1
c81efa88ebfb5652,Julian,Morales,julian.morales314,2012-09-02,Mohave,Kingman,86403,Spanish,1
a8802d5d3787c604,Ethan,Ramos,ethan.ramos5520,1949-07-29,Mohave,Bullhead City,86442,Spanish,1
77019706d39be4df,Hannah,Silva,hannah.silva7210,2000-01-21,Mohave,Kingman,86401,English,1
0d9a28f328bd82fb,Ariana,Vega,ariana.vega2096,1983-09-23,Mohave,Bullhead City,86442,English,1
b3de990d5625857f,Mateo,Diaz,mateo.diaz3830,1989-03-21,Mohave,Kingman,86403,English,1
32382a9ad41d549a,Samuel,Delgado,samuel.delgado7619,1998-02-11,Mohave,Bullhead City,86442,English,1
6915a531281d7a93,Natalie,Ortiz,natalie.ortiz7083,1945-01-10,Mohave,Lake Havasu City,86401,Spanish,1
3193ca0a039c3a82,Aiden,Delgado,aiden.delgado9852,1974-06-04,Mohave,Lake Havasu City,86401,English,1
31699ab4662f7fce,Ethan,Aguilar,ethan.aguilar1273,1973-04-23,Mohave,Kingman,86403,English,1
4c96aa4852c0a89f,Julian,Reyes,julian.reyes4565,1980-04-13,Mohave,Kingman,86442,English,1
6af14a43ceab8bb3,Chloe,Ramos,chloe.ramos9926,1990-07-23,Mohave,Kingman,86403,English,1
151b18996f02ce1d,Nora,Ramos,nora.ramos9680,1970-05-27,Mohave,Kingman,86401,English,1
93d15e6c9278043d,Diego,Vega,diego.vega1247,1986-03-08,Mohave,Kingman,86401,English,1
7b346bf7251ee4c0,Sofia,Hernandez,sofia.hernandez1490,1966-12-11,Mohave,Bullhead City,86403,English,1
15cb9790c88d30d5,Aiden,Hernandez,aiden.hernandez5908,1978-01-04,Mohave,Lake Havasu City,86403,Spanish,1
25415642f07bb890,Lucas,Hernandez,lucas.hernandez162,1981-03-22,Mohave,Bullhead City,86403,Spanish,1
68ebd4e0225bb67b,Alex,Delgado,alex.delgado8259,2016-12-28,Mohave,Kingman,86401,English,1
e7fef0dddd5a87c1,Ava,Aguilar,ava.aguilar905,1993-10-02,Mohave,Kingman,86442,Spanish,1
a5b9576131a149e5,Maria,Reyes,maria.reyes7533,1992-10-04,Mohave,Kingman,86403,Spanish,1
ee3134061a026072,Liam,Ramos,liam.ramos9329,1997-10-30,Mohave,Bullhead City,86442,Spanish,1
07b6fb521d85dcd7,Camila,Vega,camila.vega1532,1946-05-11,Mohave,Bullhead City,86401,Spanish,1
24eb51a19f456d1c,Olivia,Vega,olivia.vega3556,2002-01-07,Mohave,Bullhead City,86442,English,1
64c3edb3b1b1040c,Adrian,Diaz,adrian.diaz9019,1995-08-31,Mohave,Kingman,86403,Spanish,1
a64f94f033ff4952,Emma,Mendoza,emma.mendoza7781,1940-03-03,Mohave,Lake Havasu City,86401,English,1
59d43539681ab6b1,Mason,Dominguez,mason.dominguez4157,1949-01-22,Mohave,Lake Havasu City,86442,English,1
760f50b8e52804d5,Gabriel,Molina,gabriel.molina9597,2019-10-24,Mohave,Kingman,86403,Navajo,1
4594adc49853eb0b,Valeria,Sanchez,valeria.sanchez4699,2024-05-17,Mohave,Kingman,86403,English,1
6a9a4adf58e52e33,Liam,Cruz,liam.cruz2191,1964-12-06,Mohave,Kingman,86401,English,1
b4e3cbd8ce4ffa71,Hannah,Ramos,hannah.ramos4113,1966-08-30,Mohave,Lake Havasu City,86401,Spanish,1
1a14855a8562c727,Liam,Mendoza,liam.mendoza3300,1956-08-27,Mohave,Bullhead City,86401,Spanish,1
a28b88ac3902216b,Ethan,Silva,ethan.silva2916,2016-08-26,Mohave,Kingman,86442,English,1
bd24a4ea70f53e39,Leah,Ruiz,leah.ruiz4723,1953-06-21,Mohave,Lake Havasu City,86403,Spanish,1
78aff0c3ef4ebe9e,Noah,Vega,noah.vega5406,1991-05-24,Mohave,Kingman,86442,Spanish,1
0b8db1e6d51819f1,Chloe,Reyes,chloe.reyes3554,1943-05-07,Mohave,Bullhead City,86442,Spanish,1
bb46ce089df1889b,Ariana,Silva,ariana.silva1097,1969-12-09,Mohave,Kingman,86401,English,1
89c0531cc92ceedf,Gabriel,Aguilar,gabriel.aguilar9915,1981-05-17,Mohave,Lake Havasu City,86442,English,1
b409a22cd11bd7ab,Leah,Aguilar,leah.aguilar4049,1951-05-18,Mohave,Kingman,86403,English,1
5a156e60830872bf,Sebastian,Morales,sebastian.morales3693,1955-12-30,Mohave,Lake Havasu City,86442,English,1
13c7006f66767eb0,Isabella,Diaz,isabella.diaz211,1950-07-24,Mohave,Bullhead City,86442,English,1
b893638380826953,Adrian,Hernandez,adrian.hernandez4367,2015-12-22,Mohave,Kingman,86401,English,1
204e8d95627f3e79,Nora,Dominguez,nora.dominguez1140,1973-08-15,Mohave,Bullhead City,86401,English,1
67624f99a3cdd2b5,Noah,Ruiz,noah.ruiz4988,1961-05-04,Mohave,Lake Havasu City,86442,English,1
fc3cc31eff952949,Miguel,Aguilar,miguel.aguilar1467,1984-09-25,Mohave,Bullhead City,86442,Navajo,1
1266881c64129265,Lucas,Ramirez,lucas.ramirez6704,1966-10-21,Mohave,Lake Havasu City,86403,English,1
fd96f308f44ade27,Grace,Flores,grace.flores7524,1968-05-10,Mohave,Kingman,86403,Spanish,1
acff827352932bd1,Isabella,Ramirez,isabella.ramirez4433,1945-10-13,Mohave,Kingman,86442,Spanish,1
e716b4e5125e27f6,Ana,Aguilar,ana.aguilar343,1957-06-09,Mohave,Bullhead City,86442,English,1
d25bfe1a6cc3e39f,Ethan,Molina,ethan.molina9677,1958-02-28,Mohave,Kingman,86401,English,1
eb8c3bfda09f34ed,Natalie,Ramirez,natalie.ramirez6185,1966-09-12,Mohave,Bullhead City,86403,English,1
ed66a9f5bf562836,Adrian,Gomez,adrian.gomez761,1959-11-22,Mohave,Lake Havasu City,86442,Spanish,1
cb5d3735ada8ca29,Ava,Molina,ava.molina5312,2004-02-07,Mohave,Kingman,86442,English,1
7fff8bdecafb29c0,Chloe,Romero,chloe.romero6878,1983-01-03,Mohave,Lake Havasu City,86403,English,1
5d775a6bf566d91d,Sofia,Aguilar,sofia.aguilar477,1977-05-08,Mohave,Kingman,86442,Spanish,1
600e5edb39ede8e3,Natalie,Dominguez,natalie.dominguez9266,2010-01-05,Mohave,Lake Havasu City,86401,English,1
0b0a5515d6705be1,Diego,Aguilar,diego.aguilar2495,1979-03-06,Mohave,Kingman,86401,Spanish,1
5cd80239ab1f4579,Sebastian,Sanchez,sebastian.sanchez2436,1974-05-21,Mohave,Lake Havasu City,86442,English,1
5ff80f0df7de98f4,Valeria,Delgado,valeria.delgado39,1998-04-10,Mohave,Bullhead City,86401,English,1
361d7e3f0029e1b5,Nora,Dominguez,nora.dominguez4766,1968-07-31,Mohave,Lake Havasu City,86401,English,1
3d91977988d7aa99,Miguel,Ortiz,miguel.ortiz2054,1979-05-21,Mohave,Lake Havasu City,86442,Spanish,1
d50649535c42e2ea,Liam,Navarro,liam.navarro7969,1991-03-09,Mohave,Bullhead City,86442,English,1
f9b61531a7d0ef63,David,Morales,david.morales331,2018-07-08,Mohave,Kingman,86403,English,1
fe59be0d72993348,Ethan,Hernandez,ethan.hernandez3231,1940-10-30,Mohave,Lake Havasu City,86442,English,1
5193ea7179fe017c,Gabriel,Hernandez,gabriel.hernandez9021,1947-08-10,Mohave,Kingman,86403,English,1
bb4b35d7f54a9b5b,Mateo,Castillo,mateo.castillo5418,2022-12-30,Mohave,Kingman,86401,Spanish,1
b471231dc6784992,Sofia,Gomez,sofia.gomez5656,2004-05-16,Mohave,Kingman,86403,English,1
682bc81737a68b29,Elena,Ramos,elena.ramos681,2005-08-03,Mohave,Lake Havasu City,86403,English,1
fb1d4c8da606da12,Olivia,Reyes,olivia.reyes4270,2024-02-01,Mohave,Lake Havasu City,86401,English,1
3114ff7052e15940,Valeria,Sanchez,valeria.sanchez5817,1999-11-27,Mohave,Kingman,86442,English,1
fcd4c16cce93d3ec,Diego,Ortiz,diego.ortiz7571,2004-08-19,Mohave,Kingman,86401,English,1
723540d456a532c5,Sebastian,Rivera,sebastian.rivera3527,1961-03-16,Mohave,Bullhead City,86401,English,1
edd8d90032874897,Luna,Silva,luna.silva3576,1984-02-05,Mohave,Kingman,86403,English,1
881d0f5dccf34ac9,Mateo,Vasquez,mateo.vasquez7185,1986-10-17,Mohave,Lake Havasu City,86403,English,1
7768e77d2b08557c,Natalie,Vasquez,natalie.vasquez5075,2011-03-12,Mohave,Bullhead City,86442,English,1
08e0bacec0766e73,Alex,Dominguez,alex.dominguez7387,1961-06-26,Mohave,Kingman,86442,English,1
7efa459251176821,Ethan,Cruz,ethan.cruz2908,1942-01-27,Mohave,Kingman,86403,English,1
1af6d03bdb7807cc,Mia,Molina,mia.molina486,1961-11-03,Mohave,Kingman,86442,English,1
b2144d70efee9f89,Sofia,Cruz,sofia.cruz8153,1957-11-21,Mohave,Lake Havasu City,86403,English,1
e7fb9e306ea913e9,Mason,Molina,mason.molina6118,1988-02-11,Mohave,Kingman,86403,English,1
fa92a3085e656d05,Lucas,Martinez,lucas.martinez9586,1987-03-05,Mohave,Kingman,86442,English,1
700f29541faea99e,Alex,Reyes,alex.reyes5247,1946-08-17,Mohave,Lake Havasu City,86403,English,1
dded77da624678de,Ariana,Aguilar,ariana.aguilar2200,1946-05-08,Mohave,Bullhead City,86401,English,1
8e76b2d634e297af,Mia,Vasquez,mia.vasquez5442,2015-11-25,Mohave,Kingman,86401,English,1
c9821d7b748942e5,Diego,Torres,diego.torres3849,1941-05-21,Mohave,Kingman,86403,English,1
a84593e204611319,Carlos,Ortiz,carlos.ortiz1350,2011-08-01,Mohave,Kingman,86401,Navajo,1
c105bddb3e165d2e,David,Torres,david.torres6403,2005-07-06,Mohave,Bullhead City,86401,English,1
126964245c9049b6,Ava,Flores,ava.flores4943,1956-07-04,Mohave,Lake Havasu City,86403,English,1
f96a951d34e861ee,Grace,Perez,grace.perez1984,2001-06-19,Mohave,Lake Havasu City,86403,English,1
23ff8a9002977a3e,Ana,Rivera,ana.rivera9190,2018-09-03,Mohave,Bullhead City,86401,Spanish,1
24f25ac063ca320d,Samuel,Navarro,samuel.navarro2045,1984-04-04,Mohave,Lake Havasu City,86442,English,1
ec25f4a3698d6a74,Sofia,Ortiz,sofia.ortiz1833,1972-03-29,Mohave,Kingman,86442,English,1
596c8787f542df4c,Noah,Ramos,noah.ramos3032,1991-04-21,Mohave,Lake Havasu City,86442,English,1
7de3c50a3bf880ea,Alex,Rivera,alex.rivera7532,1949-11-01,Mohave,Lake Havasu City,86401,English,1
1a6930c66f696a98,Ava,Diaz,ava.diaz9726,1947-03-11,Mohave,Bullhead City,86403,English,1
f2c2a7399dcfc02e,Sebastian,Ramirez,sebastian.ramirez1462,1967-11-20,Mohave,Kingman,86403,English,1
ca3e3595ef005c46,Mateo,Aguilar,mateo.aguilar4001,2023-12-25,Mohave,Bullhead City,86401,English,1
d7835e163ad90852,Valeria,Morales,valeria.morales895,2009-08-01,Mohave,Kingman,86442,English,1
8b86842ea0ef2518,Elena,Torres,elena.torres8713,1977-12-16,Mohave,Kingman,86403,English,1
0c4abc9a27b2abd1,Nora,Lopez,nora.lopez7275,1960-01-20,Mohave,Lake Havasu City,86442,English,1
6e54a5bbaef52e9b,Luna,Ramirez,luna.ramirez1526,1975-04-30,Mohave,Kingman,86442,English,1
887ab938d3f352d3,Julian,Flores,julian.flores748,2012-11-07,Mohave,Lake Havasu City,86442,Spanish,1
885025e41c566181,Daniel,Diaz,daniel.diaz1056,2012-02-13,Mohave,Lake Havasu City,86442,Spanish,1
2f3b9e346fdb08cd,Sebastian,Delgado,sebastian.delgado6530,1990-05-25,Mohave,Lake Havasu City,86401,English,1
cbc18a8fe85d9a3d,Emma,Castillo,emma.castillo4127,2005-01-11,Mohave,Kingman,86403,Spanish,1
5cb5ad7ecef14b07,David,Navarro,david.navarro7981,1989-04-06,Mohave,Lake Havasu City,86401,Spanish,1
4fb5d5450ca860ef,Carlos,Ortiz,carlos.ortiz4026,1941-05-31,Mohave,Bullhead City,86403,Spanish,1
cfead635ef7e24e1,Liam,Dominguez,liam.dominguez8886,2003-04-29,Mohave,Bullhead City,86401,Spanish,1
289cb3966854c4e3,Noah,Molina,noah.molina6406,2011-03-14,Mohave,Kingman,86403,English,1
0945bbb98f21eb24,Mateo,Torres,mateo.torres106,2005-03-21,Mohave,Lake Havasu City,86403,English,1
9ecd93c55419e4d9,Javier,Vega,javier.vega2867,1981-08-04,Mohave,Kingman,86403,English,1
8dc0da5bbdd281c9,Natalie,Lopez,natalie.lopez7634,1950-08-31,Mohave,Lake Havasu City,86442,Spanish,1
a9f2caba828f2184,Miguel,Perez,miguel.perez8849,1974-03-14,Mohave,Kingman,86442,English,1
ca2b47147652e138,Chloe,Ortiz,chloe.ortiz1597,1983-03-23,Mohave,Bullhead City,86401,Navajo,1
96c47f428421575d,Liam,Mendoza,liam.mendoza5677,1947-11-13,Mohave,Bullhead City,86401,English,1
999681fb8280078c,Luna,Delgado,luna.delgado5847,1951-01-29,Mohave,Kingman,86401,English,1
ddd452cee01d2b20,Emma,Vega,emma.vega7571,1996-12-16,Mohave,Bullhead City,86401,English,1
5346a6ab9afd37aa,Olivia,Rivera,olivia.rivera4680,1955-08-30,Mohave,Bullhead City,86401,Spanish,1
4236d624afde2832,Adrian,Gomez,adrian.gomez8164,1942-04-26,Mohave,Kingman,86403,English,1
3a1137f41a1a26ae,Javier,Sanchez,javier.sanchez5867,2006-01-25,Mohave,Lake Havasu City,86403,Spanish,1
54239e8df4a3a002,Miguel,Perez,miguel.perez6798,1999-09-01,Mohave,Kingman,86403,English,1
4d26d6c2429cf806,Mateo,Aguilar,mateo.aguilar7350,1994-09-23,Mohave,Bullhead City,86403,English,1
4f49d6767059bbd5,Elena,Lopez,elena.lopez1140,1956-11-21,Mohave,Bullhead City,86403,English,1
215c180644ad6a17,Liam,Reyes,liam.reyes8672,1949-09-01,Mohave,Lake Havasu City,86401,Spanish,1
55226ce0e64c0463,Mia,Aguilar,mia.aguilar9362,1998-03-19,Mohave,Kingman,86442,English,1
b6445d51dafffa9d,Nora,Ortiz,nora.ortiz5188,1963-06-15,Mohave,Kingman,86442,English,1
b948c87f8c761563,Natalie,Morales,natalie.morales2708,1981-02-23,Mohave,Lake Havasu City,86442,English,1
86877510787e2ff3,Sebastian,Ruiz,sebastian.ruiz1323,1987-09-11,Mohave,Bullhead City,86401,English,1
deebf960738d6204,Leah,Vega,leah.vega129,1969-03-02,Mohave,Kingman,86403,English,1
2fe07b3812ebb4e8,Aria,Ramirez,aria.ramirez9830,2003-12-17,Mohave,Kingman,86403,English,1
9e653da55154d681,Alex,Gomez,alex.gomez7817,1967-05-16,Mohave,Bullhead City,86401,English,1
217dcb9479baf083,Sebastian,Gonzalez,sebastian.gonzalez9546,2010-03-13,Mohave,Kingman,86403,English,1
fc54ea8da846aff5,Sebastian,Gonzalez,sebastian.gonzalez741,1940-12-12,Mohave,Lake Havasu City,86403,Spanish,1
fba8f610e3eedf59,Emma,Ruiz,emma.ruiz1276,1969-06-02,Mohave,Bullhead City,86401,English,1
8f817eaf79eec682,Javier,Romero,javier.romero3745,1945-05-16,Mohave,Kingman,86442,Spanish,1
df7a2bcb2b9de4a9,Alex,Rivera,alex.rivera2946,1992-12-27,Mohave,Bullhead City,86442,English,1
4533335938468641,Grace,Aguilar,grace.aguilar730,1968-07-20,Mohave,Bullhead City,86401,English,1
8aa70ae21dbbfd66,Mateo,Gonzalez,mateo.gonzalez779,1951-09-22,Mohave,Kingman,86442,English,1
73424c01b85bbc63,Maria,Molina,maria.molina3786,2013-09-08,Mohave,Kingman,86401,English,1
69adae750fcf9368,Liam,Hernandez,liam.hernandez8419,1940-10-08,Mohave,Lake Havasu City,86403,Spanish,1
1388945105bd6476,Sofia,Ramirez,sofia.ramirez3201,1991-05-16,Mohave,Lake Havasu City,86401,English,1
2a1d12cf0cba493d,Grace,Vasquez,grace.vasquez2772,1995-01-03,Mohave,Lake Havasu City,86403,English,1
c7946a3b1f293779,Miguel,Mendoza,miguel.mendoza4031,2017-08-05,Mohave,Kingman,86403,English,1
00abe7c85eb8bd5a,Liam,Aguilar,liam.aguilar3661,1960-03-11,Mohave,Kingman,86442,English,1
32a3b4112b6c3935,Alex,Cruz,alex.cruz8716,1984-05-20,Mohave,Kingman,86442,English,1
746903d37c763370,Camila,Castillo,camila.castillo1832,2021-07-29,Mohave,Lake Havasu City,86401,English,1
ed015689fdac1e59,Grace,Sanchez,grace.sanchez8690,1981-05-31,Mohave,Bullhead City,86403,English,1
6f4d0dd5bc93337a,Jose,Romero,jose.romero1177,1957-11-05,Mohave,Kingman,86442,Spanish,1
2c9ce0fe98d8b668,Ana,Torres,ana.torres7693,1998-03-12,Mohave,Lake Havasu City,86442,Spanish,1
3ca7a480ede41cb8,Lucas,Morales,lucas.morales8415,2018-03-24,Mohave,Lake Havasu City,86403,English,1
726e4aca9075360b,Hannah,Ortiz,hannah.ortiz5135,2005-02-13,Mohave,Bullhead City,86401,English,1
04b44a93b3eeda0f,Grace,Rivera,grace.rivera7925,1982-03-26,Mohave,Bullhead City,86401,Spanish,1
591ed976d7dbd95d,Mateo,Diaz,mateo.diaz9887,1976-08-20,Mohave,Kingman,86401,Navajo,1
1311b6f115715b74,Diego,Ramirez,diego.ramirez2404,1964-02-01,Mohave,Kingman,86442,English,1
884454004176ccdc,Miguel,Romero,miguel.romero1498,2004-04-03,Mohave,Bullhead City,86403,English,1
99327f297971a7fb,Isabella,Vasquez,isabella.vasquez2299,1951-02-07,Mohave,Kingman,86442,Navajo,1
12186383580fc66e,Luna,Gomez,luna.gomez2193,2002-08-04,Mohave,Lake Havasu City,86442,English,1
daf2134d71ce9377,Miguel,Romero,miguel.romero2132,1987-04-16,Mohave,Bullhead City,86442,Spanish,1
a930d9cea3d12bf3,Liam,Ortiz,liam.ortiz1196,1972-04-29,Mohave,Bullhead City,86403,Spanish,1
14cc08e300dda6e6,Jose,Rivera,jose.rivera8710,1995-11-07,Mohave,Kingman,86403,English,1
f69629aef7e8fe41,Emma,Martinez,emma.martinez9399,1999-01-16,Mohave,Kingman,86403,Spanish,1
74a7695d10f7f9f4,Isabella,Navarro,isabella.navarro3147,1961-03-24,Mohave,Lake Havasu City,86403,English,1
831f81a1be5d3031,Jose,Dominguez,jose.dominguez4087,1942-04-08,Mohave,Kingman,86401,English,1
6021204360719e7c,Sebastian,Delgado,sebastian.delgado9282,2011-04-20,Mohave,Kingman,86403,Navajo,1
fa2833bd1162baed,Liam,Torres,liam.torres8068,2021-10-03,Mohave,Lake Havasu City,86442,English,1
83e652f4b4af9d4a,Camila,Ruiz,camila.ruiz3559,2020-08-28,Mohave,Bullhead City,86403,Spanish,1
6622574b0e52069e,Adrian,Delgado,adrian.delgado9932,2016-12-17,Mohave,Kingman,86401,English,1
4cba5bc72bdcc691,Javier,Rivera,javier.rivera9219,1963-07-26,Mohave,Lake Havasu City,86401,Spanish,1
9dd180e2841c04cd,Natalie,Sanchez,natalie.sanchez1439,2001-02-08,Mohave,Lake Havasu City,86403,English,1
38517217c5c6a45a,Miguel,Ortiz,miguel.ortiz9452,1993-03-21,Mohave,Lake Havasu City,86403,English,1
318628d1a14d3c1a,Chloe,Garcia,chloe.garcia358,1964-08-08,Mohave,Kingman,86442,English,1
07ce7e2b276ebcf0,Sofia,Rivera,sofia.rivera8798,1992-05-04,Mohave,Kingman,86401,Spanish,1
2b73c0d357c3156b,Lucas,Ruiz,lucas.ruiz6566,1993-08-20,Mohave,Kingman,86401,English,1
a7c4670e295acc1b,Ethan,Romero,ethan.romero3916,1996-05-19,Mohave,Bullhead City,86442,English,1
d48ee3a2f3092998,Samuel,Flores,samuel.flores5966,2021-11-22,Mohave,Lake Havasu City,86401,English,1
5ab71d765bf495d7,Mia,Garcia,mia.garcia1720,2023-02-16,Mohave,Bullhead City,86401,Spanish,1
734ca077ff0e6de0,Ana,Aguilar,ana.aguilar9047,1966-06-20,Mohave,Kingman,86442,English,1
7a4172080fb88432,Emma,Reyes,emma.reyes8593,1965-01-19,Mohave,Lake Havasu City,86403,English,1
89bf3eecd4697351,Mia,Castillo,mia.castillo5252,2018-07-29,Mohave,Bullhead City,86403,English,1
c99fdffc5dce7538,Ariana,Silva,ariana.silva3755,1979-10-06,Mohave,Bullhead City,86442,Spanish,1
6823fc64cb7cd095,Noah,Morales,noah.morales5639,1950-03-21,Navajo,Winslow,85901,English,1
703787ad6a65b1b6,Aiden,Martinez,aiden.martinez8881,2018-02-16,Navajo,Holbrook,85901,English,1
0775e5d682970ffe,Aria,Gomez,aria.gomez4782,1991-04-18,Navajo,Show Low,85929,English,1
ad3cdd086005c1ee,Samuel,Gonzalez,samuel.gonzalez5640,1965-12-05,Navajo,Holbrook,85929,English,1
6f60d1be393682bd,Lucas,Vega,lucas.vega4477,1968-11-01,Navajo,Holbrook,85901,English,1
8af2bb97a916957b,Samuel,Gonzalez,samuel.gonzalez8886,1949-01-16,Navajo,Winslow,85929,English,1
6656106f70e46ac8,Samuel,Molina,samuel.molina475,2002-10-11,Navajo,Holbrook,85901,English,1
4edcaf7aacb7a54e,Hannah,Castillo,hannah.castillo9804,1964-03-23,Navajo,Winslow,85901,English,1
0c865e9fcd208f05,Mateo,Hernandez,mateo.hernandez8690,1952-02-10,Navajo,Show Low,85929,Spanish,1
cb75d980f282dcd2,Sebastian,Romero,sebastian.romero3138,2019-09-25,Navajo,Holbrook,85929,Spanish,1
fbd2e7b83df68bdf,Javier,Ramirez,javier.ramirez1957,2013-02-24,Navajo,Holbrook,85901,Spanish,1
e295d283c1a972c8,Ethan,Ruiz,ethan.ruiz5610,1956-12-25,Navajo,Show Low,85901,English,1
8ff221595dcaeb06,Emma,Gomez,emma.gomez3606,2021-10-10,Navajo,Winslow,85901,Spanish,1
3f2c0d1d73683028,Ava,Reyes,ava.reyes1759,1940-10-24,Navajo,Show Low,86025,English,1
0d56525824dcf0c9,Chloe,Lopez,chloe.lopez8579,2024-07-20,Navajo,Show Low,85901,English,1
ce3bfdf6eab01dfa,Camila,Rivera,camila.rivera5831,1990-10-16,Navajo,Winslow,85929,Spanish,1
5486878ef8a7adff,Aria,Perez,aria.perez1388,1957-03-08,Navajo,Winslow,86025,English,1
16283a2a51759a56,Ana,Hernandez,ana.hernandez4400,1942-11-15,Navajo,Winslow,86025,English,1
ffd1eb752bb45e92,Miguel,Silva,miguel.silva4317,1966-01-05,Navajo,Show Low,86025,English,1
85327e07f3a51dcf,Aria,Lopez,aria.lopez9415,1987-02-26,Navajo,Holbrook,86025,English,1
f98b2797182daf99,Nora,Morales,nora.morales5192,2012-06-14,Navajo,Winslow,86025,Spanish,1
6a66b5ffe007801c,Sofia,Vasquez,sofia.vasquez992,1996-01-02,Navajo,Show Low,86025,Spanish,1
4118724cb626fb27,Julian,Martinez,julian.martinez3698,2020-04-14,Navajo,Winslow,85901,Spanish,1
441d57c3a4f297b1,Aiden,Diaz,aiden.diaz930,2012-01-14,Navajo,Winslow,85901,English,1
a852d144a7d1a08e,Isabella,Dominguez,isabella.dominguez7883,2011-06-01,Navajo,Holbrook,85929,English,1
dd199b65e4e815ce,Mia,Gomez,mia.gomez5943,2008-10-24,Navajo,Holbrook,85901,Spanish,1
9cb2257b3485c21f,Maria,Ruiz,maria.ruiz8158,1942-12-31,Navajo,Show Low,85901,English,1
a8ddd95e1ef641df,Aria,Garcia,aria.garcia8150,1968-03-07,Navajo,Show Low,85929,Spanish,1
1ef00e77c4b3030f,Elena,Reyes,elena.reyes7304,1997-08-25,Navajo,Holbrook,85901,English,1
27bf3538ee637b0a,Javier,Aguilar,javier.aguilar3074,1942-04-09,Navajo,Holbrook,85901,English,1
55470d58a5ddc9f3,Miguel,Dominguez,miguel.dominguez2228,1992-04-06,Navajo,Holbrook,85929,English,1
9a2da21f9af6f449,Hannah,Cruz,hannah.cruz4067,1962-12-18,Navajo,Show Low,86025,Spanish,1
6da1245d45ee499c,Ethan,Vega,ethan.vega5864,2020-03-01,Navajo,Show Low,86025,English,1
2593ba9946e3ebf3,Sebastian,Rivera,sebastian.rivera2790,1962-05-02,Navajo,Holbrook,86025,English,1
0186e22bfb28db6b,Hannah,Flores,hannah.flores1127,1998-07-01,Navajo,Holbrook,85901,English,1
e5ce4b7233512a69,Elena,Sanchez,elena.sanchez2745,2006-07-21,Navajo,Winslow,86025,Navajo,1
36007cc40212e7f3,Daniel,Flores,daniel.flores9809,1972-10-18,Navajo,Winslow,86025,Spanish,1
6c6333f81827bfa5,Carlos,Vega,carlos.vega8954,1973-01-09,Navajo,Show Low,85929,Spanish,1
0b14967d209574d6,Maria,Diaz,maria.diaz52,1960-03-21,Navajo,Winslow,86025,English,1
f5b780237df84db3,Ethan,Romero,ethan.romero6252,1986-05-08,Navajo,Show Low,86025,Spanish,1
e23dcd631047448b,Liam,Ruiz,liam.ruiz7854,1972-05-11,Navajo,Holbrook,86025,Spanish,1
838667be29880538,Noah,Sanchez,noah.sanchez204,1983-10-11,Navajo,Show Low,85929,English,1
0549cc802f348cf0,David,Ortiz,david.ortiz8431,2020-03-25,Navajo,Winslow,85929,English,1
384265daeccb9705,Sebastian,Morales,sebastian.morales4951,1990-07-29,Navajo,Holbrook,85929,English,1
7c66e31619eaf41d,Luna,Vasquez,luna.vasquez9992,1983-10-12,Navajo,Show Low,86025,English,1
dc410f4c527a5a42,Natalie,Lopez,natalie.lopez5659,1965-02-24,Navajo,Winslow,86025,Spanish,1
cfb2377e2572eaa2,Diego,Perez,diego.perez2527,1978-06-03,Navajo,Holbrook,85901,English,1
b27a89277ee6c5a2,Gabriel,Torres,gabriel.torres7294,1952-07-20,Navajo,Show Low,86025,Spanish,1
a84387f42cfc77a5,Natalie,Ramos,natalie.ramos5586,1999-12-31,Navajo,Winslow,85901,English,1
8c48f193f57b55dd,Noah,Garcia,noah.garcia1300,1984-12-14,Navajo,Holbrook,85901,English,1
2e3409239075dafa,Nora,Silva,nora.silva3513,1966-09-10,Navajo,Holbrook,85929,English,1
402420537d3d817d,Mateo,Vega,mateo.vega3752,1952-06-02,Navajo,Show Low,86025,English,1
fcc83e8c4f218fba,Grace,Mendoza,grace.mendoza9781,1999-05-31,Navajo,Show Low,85929,Navajo,1
8ea82d53d39d30ea,Adrian,Vega,adrian.vega3923,2001-07-03,Navajo,Show Low,86025,English,1
ddc61a871b6fc535,Jose,Lopez,jose.lopez4749,2001-07-16,Navajo,Show Low,85929,English,1
3f9d2403a638acf5,Ethan,Gonzalez,ethan.gonzalez9142,1973-05-26,Navajo,Holbrook,85901,English,1
a12ae4ccdf19a313,Lucas,Rivera,lucas.rivera3887,2014-07-02,Navajo,Show Low,85901,Spanish,1
5b1df1fe628eda7f,Ethan,Hernandez,ethan.hernandez3038,1953-09-24,Navajo,Holbrook,85929,English,1
8f08fe23f560c8ef,Carlos,Morales,carlos.morales9394,1953-01-08,Navajo,Show Low,85929,English,1
eb31ec3f18e7d788,Julian,Flores,julian.flores918,1969-05-04,Navajo,Winslow,85929,Spanish,1
afbfac5d287e85cd,Valeria,Gomez,valeria.gomez4182,2004-10-30,Navajo,Holbrook,85929,English,1
04a399873ecdd07c,Elena,Sanchez,elena.sanchez1364,1983-02-08,Navajo,Winslow,86025,English,1
fe448da9c9369052,David,Gomez,david.gomez9605,1988-11-14,Navajo,Winslow,85929,Spanish,1
a1a20ce9eb10fe5c,Julian,Lopez,julian.lopez7919,1987-07-01,Navajo,Show Low,86025,English,1
64ea942a6a99365b,Adrian,Ortiz,adrian.ortiz2823,2024-08-11,Navajo,Winslow,86025,English,1
0d2992b3e54bebac,Isabella,Perez,isabella.perez669,1968-08-25,Navajo,Show Low,85929,Spanish,1
06912918cd9939f3,Chloe,Ortiz,chloe.ortiz5989,2017-09-17,Navajo,Holbrook,86025,Spanish,1
b8928834bb099068,Ava,Gonzalez,ava.gonzalez2332,2015-08-12,Navajo,Show Low,86025,English,1
dafb4fa179c98d40,Gabriel,Ramos,gabriel.ramos2019,1996-05-29,Navajo,Winslow,85901,English,1
41f6df18ee0834c8,Sebastian,Rivera,sebastian.rivera6740,2009-10-20,Navajo,Show Low,85929,English,1
143ad67c34131275,Luna,Gomez,luna.gomez185,1973-09-23,Navajo,Holbrook,85929,English,1
25a933a465bfa90e,Ariana,Gomez,ariana.gomez2100,1957-07-12,Navajo,Winslow,85929,English,1
2faef2f07c800f37,Ethan,Hernandez,ethan.hernandez8754,1979-05-05,Navajo,Winslow,85929,English,1
22f2051d8145247c,Liam,Garcia,liam.garcia7020,1947-09-18,Navajo,Holbrook,85929,English,1
2e9fb17c8387e1c7,Luna,Rivera,luna.rivera2732,1965-05-12,Navajo,Holbrook,85929,English,1
757bcae9663d1179,Noah,Sanchez,noah.sanchez5370,1955-03-31,Navajo,Winslow,86025,English,1
fd5a4d5e5102fa10,Ana,Vega,ana.vega8137,2012-10-25,Navajo,Show Low,85901,English,1
662d53cdca047525,Olivia,Romero,olivia.romero6604,2010-10-17,Navajo,Winslow,86025,English,1
6d0f7b59eb5c12c4,Carlos,Mendoza,carlos.mendoza1224,2000-09-07,Navajo,Show Low,86025,English,1
77ef388205c76950,Grace,Rivera,grace.rivera3571,1962-07-16,Navajo,Winslow,85929,Spanish,1
5e3e84ffd90fe2ba,Maria,Torres,maria.torres5294,2017-11-04,Navajo,Holbrook,85929,Spanish,1
65a7eef0fd6fdfd1,Natalie,Reyes,natalie.reyes8356,1959-09-23,Navajo,Show Low,85929,English,1
daf49f26298db55e,David,Ramirez,david.ramirez2623,1999-10-15,Navajo,Holbrook,85929,English,1
3c32f26920597533,Miguel,Lopez,miguel.lopez5748,1941-12-20,Navajo,Show Low,85929,Spanish,1
c9caa30300d16ae6,Valeria,Ramos,valeria.ramos9165,2024-12-01,Navajo,Winslow,86025,Spanish,1
7c288b1a73d1c375,Mason,Navarro,mason.navarro9052,1995-01-18,Navajo,Show Low,86025,English,1
d90fff4a8ae4496c,David,Perez,david.perez3185,1963-04-10,Navajo,Show Low,86025,English,1
eabe3c1fc1bdaae4,Aria,Ruiz,aria.ruiz2404,1961-04-24,Navajo,Show Low,85929,English,1
1c31132c9f3cec31,Aria,Delgado,aria.delgado1714,2012-10-06,Navajo,Winslow,85901,Spanish,1
86565765e0ae206b,Ava,Ortiz,ava.ortiz2038,2000-07-21,Navajo,Winslow,85929,English,1
07540e828a599d7b,Leah,Rivera,leah.rivera9918,1966-01-11,Navajo,Show Low,85901,English,1
af11a3e62df6f4dc,Carlos,Vega,carlos.vega3607,2010-01-04,Navajo,Winslow,86025,English,1
c4f10971e0bc7ffa,Olivia,Romero,olivia.romero3786,2005-01-23,Navajo,Winslow,86025,English,1
c1a42a5051a902a7,Adrian,Ortiz,adrian.ortiz4781,2012-01-26,Navajo,Show Low,85901,English,1
6ea40e5809794f21,Natalie,Ramos,natalie.ramos9088,2021-12-25,Navajo,Show Low,86025,Spanish,1
5a8fe7f6816779c0,Grace,Vasquez,grace.vasquez1169,1954-07-20,Navajo,Show Low,85929,English,1
c289fa8d57ba9c22,David,Castillo,david.castillo1425,1962-02-01,Navajo,Show Low,85901,English,1
ca801bb6f963dd3c,Diego,Perez,diego.perez5103,1941-03-01,Navajo,Holbrook,85901,English,1
91e09eca4dad3d89,Julian,Rivera,julian.rivera9512,2007-05-28,Navajo,Show Low,85929,English,1
dd04e56e6cc46a81,Nora,Gonzalez,nora.gonzalez2456,1986-08-04,Navajo,Winslow,85901,Spanish,1
d3eea749a53a2dfb,Ariana,Sanchez,ariana.sanchez8066,2005-03-30,Navajo,Holbrook,85901,English,1
ecb5144312208bcb,Adrian,Cruz,adrian.cruz9548,1948-10-07,Navajo,Winslow,86025,English,1
1f811c396adf91d7,Sofia,Vasquez,sofia.vasquez6837,1971-02-18,Navajo,Holbrook,86025,English,1
2efd3aa713e0388e,Miguel,Mendoza,miguel.mendoza8936,2008-12-31,Navajo,Show Low,85901,English,1
622a07296c8a7b2e,Ethan,Hernandez,ethan.hernandez6541,1973-06-20,Navajo,Show Low,85901,English,1
347114c44e948798,Nora,Rivera,nora.rivera334,1983-06-08,Navajo,Show Low,85901,English,1
b5d589c5986c1166,Olivia,Perez,olivia.perez6375,1997-11-18,Navajo,Holbrook,85901,English,1
da307c0503cf5c6b,Elena,Castillo,elena.castillo1973,2024-01-29,Navajo,Holbrook,86025,Spanish,1
48993421a4927688,David,Hernandez,david.hernandez3783,1988-07-04,Navajo,Holbrook,85901,English,1
216a2d4194cf65a5,Mason,Sanchez,mason.sanchez9466,1978-03-04,Navajo,Show Low,86025,English,1
b9ccd17a66172963,Aria,Rivera,aria.rivera268,1998-09-16,Navajo,Winslow,85929,English,1
372702f46cf52936,Elena,Perez,elena.perez3165,1941-11-18,Navajo,Holbrook,86025,English,1
b8286cd522e8a431,Mateo,Ruiz,mateo.ruiz1941,1997-04-18,Navajo,Holbrook,86025,Spanish,1
0045bafa959ff8fc,Mia,Martinez,mia.martinez4509,1978-07-01,Navajo,Holbrook,86025,Spanish,1
dc1970a060b9c2b5,Miguel,Cruz,miguel.cruz8862,1973-11-07,Navajo,Holbrook,85929,English,1
b958202e50f22763,Luna,Navarro,luna.navarro3472,1969-09-04,Navajo,Show Low,85929,English,1
507147091d20d709,Javier,Torres,javier.torres663,1996-12-16,Navajo,Holbrook,85901,English,1
562cb95fde224e97,Noah,Molina,noah.molina561,1987-03-11,Navajo,Holbrook,86025,English,1
7c5147202370143b,Liam,Flores,liam.flores9854,2001-12-01,Navajo,Holbrook,86025,English,1
48eff42b02d7aef1,Hannah,Ramirez,hannah.ramirez3794,1959-01-12,Navajo,Winslow,86025,English,1
986ec7c4ec8edc11,Miguel,Martinez,miguel.martinez838,1973-07-01,Navajo,Holbrook,85929,English,1
524de6b277bae07e,Olivia,Ramos,olivia.ramos8015,2021-07-10,Navajo,Holbrook,85901,English,1
ed893757a6469350,Maria,Vega,maria.vega6202,1982-09-13,Navajo,Winslow,85929,English,1
9f932a6a0453c13a,Jose,Delgado,jose.delgado1861,1969-06-04,Navajo,Winslow,86025,English,1
b99967e23619443b,Aria,Aguilar,aria.aguilar9581,1950-09-14,Navajo,Holbrook,85901,English,1
18a89070963a0b71,Olivia,Ramirez,olivia.ramirez6186,1998-02-13,Navajo,Show Low,85901,English,1
99eb03974c6fc696,Valeria,Silva,valeria.silva7989,2015-12-21,Navajo,Holbrook,85929,English,1
3b0a729a8109c91e,Ethan,Ruiz,ethan.ruiz9731,1947-10-31,Navajo,Holbrook,86025,Navajo,1
137304aa93e19e2d,Nora,Gonzalez,nora.gonzalez2097,1981-09-06,Navajo,Winslow,85901,English,1
828d83e1e5a71378,Ariana,Sanchez,ariana.sanchez9081,1971-07-09,Navajo,Show Low,85901,Spanish,1
61991f1d15cf67e8,Isabella,Navarro,isabella.navarro4867,2001-11-21,Navajo,Holbrook,85901,Spanish,1
3ad57fddfd679099,Daniel,Romero,daniel.romero5659,1958-12-12,Navajo,Winslow,85901,English,1
45b193cc36dbd7cc,Daniel,Vega,daniel.vega8884,1972-03-03,Navajo,Show Low,85901,English,1
8c53957254527d16,Carlos,Ramirez,carlos.ramirez6347,1971-07-11,Navajo,Winslow,85929,English,1
f90966dc0d550009,Julian,Ramos,julian.ramos6982,2005-10-02,Navajo,Show Low,85901,English,1
d4f759c133155080,Ethan,Castillo,ethan.castillo7574,1977-01-05,Navajo,Holbrook,86025,English,1
2da8b6d1a77e00b1,Mia,Navarro,mia.navarro964,1961-09-05,Navajo,Holbrook,86025,Spanish,1
d20f3c7ed7c5522b,Lucas,Vasquez,lucas.vasquez988,1964-08-21,Navajo,Show Low,85901,English,1
43f0d3abe4a2c463,Ava,Ramirez,ava.ramirez9984,2017-10-29,Navajo,Show Low,86025,English,1
03d298f7bb79e960,Natalie,Diaz,natalie.diaz2562,2008-02-19,Navajo,Holbrook,85901,English,1
acf1e6b818054af4,Valeria,Aguilar,valeria.aguilar5136,1970-07-07,Navajo,Show Low,85929,English,1
fb36152e81ad5fab,Elena,Diaz,elena.diaz1571,1974-02-17,Navajo,Winslow,85929,English,1
66d283a672bcab51,Luna,Torres,luna.torres1636,1965-11-15,Navajo,Winslow,85901,English,1
5ccce723c4b8e999,Grace,Vasquez,grace.vasquez3925,2002-10-13,Navajo,Winslow,86025,English,1
c7248ca528e76aa1,Alex,Reyes,alex.reyes1084,2005-08-16,Navajo,Show Low,86025,English,1
ad06e252fdb61829,Isabella,Martinez,isabella.martinez250,1995-12-24,Navajo,Holbrook,85901,Spanish,1
ffd8be53497f39aa,Daniel,Garcia,daniel.garcia3121,1941-07-27,Navajo,Holbrook,85901,English,1
c8ad98e059c6445d,Mia,Molina,mia.molina7363,1994-03-05,Navajo,Winslow,85901,English,1
d2a8f55b8dccfaab,Valeria,Navarro,valeria.navarro5085,1947-02-01,Navajo,Winslow,85929,English,1
431ef74c7087ce90,Sofia,Garcia,sofia.garcia4584,1958-01-05,Navajo,Holbrook,86025,English,1
f7b8a8e7c75c0710,Aiden,Aguilar,aiden.aguilar5316,2018-12-28,Navajo,Winslow,85929,English,1
b03abea11e62ba69,Luna,Dominguez,luna.dominguez5741,1949-04-11,Navajo,Show Low,86025,English,1
59e2e0de9cc234cb,Ethan,Silva,ethan.silva2109,1962-02-18,Navajo,Winslow,85929,English,1
39b2f2f1524d309c,Chloe,Rivera,chloe.rivera8135,1974-02-05,Navajo,Winslow,86025,English,1
edd9ec23d184a3d1,Mia,Molina,mia.molina4803,1998-12-29,Navajo,Winslow,85929,English,1
614bfe50146ad43e,Elena,Ramos,elena.ramos4602,1999-06-17,Navajo,Holbrook,86025,English,1
f0a831c95b28458d,Elena,Vega,elena.vega8424,1963-06-28,Navajo,Winslow,86025,Spanish,1
9d711f323753eacd,Camila,Mendoza,camila.mendoza8907,2005-11-19,Navajo,Show Low,85929,English,1
fd1631b6442787fe,Nora,Perez,nora.perez5350,1993-05-31,Navajo,Show Low,85901,English,1
24c069b2258704d5,Ethan,Vega,ethan.vega2084,2010-05-20,Navajo,Show Low,85901,English,1
0b5d39d5f637f5d8,Ethan,Vasquez,ethan.vasquez3449,1980-01-02,Navajo,Winslow,85901,English,1
208e3af5d346592f,Leah,Ortiz,leah.ortiz6047,1954-03-23,Navajo,Show Low,86025,English,1
bc571fd99a8cca9b,Daniel,Ramos,daniel.ramos5929,1940-07-24,Navajo,Show Low,85901,Spanish,1
389eba3070cf0835,Daniel,Martinez,daniel.martinez8507,2013-08-22,Navajo,Holbrook,85929,English,1
ac68c8a839ce5501,Emma,Flores,emma.flores2774,2009-01-23,Navajo,Holbrook,85929,English,1
8bc141f39039fa7e,Valeria,Morales,valeria.morales2417,1968-02-22,Navajo,Winslow,86025,English,1
63622a66cdc996ac,Maria,Silva,maria.silva3336,2024-09-10,Navajo,Holbrook,86025,English,1
ed8cb51d08d410a3,Elena,Ramos,elena.ramos7464,2004-11-30,Navajo,Show Low,86025,English,1
4e458e32af76ad87,Valeria,Castillo,valeria.castillo4703,1949-03-11,Navajo,Winslow,86025,Spanish,1
062a196535d3c63d,Leah,Garcia,leah.garcia361,1988-06-12,Navajo,Holbrook,86025,English,1
785f6b8226837e96,Mason,Garcia,mason.garcia9298,1982-06-27,Navajo,Holbrook,86025,English,1
64a7cbe5b6ee4021,Samuel,Rivera,samuel.rivera7374,2019-01-24,Navajo,Holbrook,86025,English,1
dea8fcdced3d7177,Elena,Ruiz,elena.ruiz8252,1950-04-28,Navajo,Winslow,86025,English,1
4d530c8a745a9138,Daniel,Vasquez,daniel.vasquez9957,1963-07-31,Navajo,Holbrook,86025,English,1
cc62f7b742a14c95,Nora,Delgado,nora.delgado7585,2006-04-13,Navajo,Holbrook,86025,English,1
388f99834998b02a,Isabella,Diaz,isabella.diaz9752,1944-02-24,Navajo,Winslow,86025,English,1
59ec7e28345ffccb,Nora,Delgado,nora.delgado2777,1962-06-21,Navajo,Holbrook,85901,Spanish,1
c7cd435a1eb36fb5,Jose,Martinez,jose.martinez5536,1988-04-22,Navajo,Show Low,85929,English,1
a4b2309864ee89cd,Noah,Dominguez,noah.dominguez7123,1990-07-05,Navajo,Show Low,85929,Spanish,1
ca0d4f88a3389554,Olivia,Castillo,olivia.castillo6788,1993-05-20,Navajo,Winslow,86025,English,1
82b738cdaabd8ad2,Mateo,Vasquez,mateo.vasquez39,2010-10-31,Navajo,Show Low,85929,English,1
5fe1f3f7a944bc70,Mateo,Vasquez,mateo.vasquez8340,2018-10-31,Navajo,Holbrook,85901,English,1
d5ec9fc11e891167,Natalie,Cruz,natalie.cruz8861,1968-07-24,Navajo,Holbrook,85929,English,1
07619f555da193f8,Gabriel,Vega,gabriel.vega3007,2022-11-22,Navajo,Winslow,85901,English,1
3db08d3be7dd4961,Elena,Sanchez,elena.sanchez1852,1965-01-02,Navajo,Show Low,85929,Spanish,1
70d8fcde8fa211a8,Aiden,Cruz,aiden.cruz8828,1962-12-02,Navajo,Winslow,85901,English,1
47e88c9b0500d4f3,Gabriel,Lopez,gabriel.lopez5911,1953-11-21,Navajo,Winslow,85929,English,1
056da954a8f3156a,Maria,Navarro,maria.navarro9084,1986-11-23,Navajo,Holbrook,85929,English,1
1c770024006030de,Noah,Morales,noah.morales310,1998-03-21,Navajo,Winslow,85901,Spanish,1
51b23c7bd5a24e99,Daniel,Garcia,daniel.garcia6332,2022-01-09,Navajo,Holbrook,85901,English,1
6a604ecd1e2b3195,Gabriel,Gonzalez,gabriel.gonzalez2620,1977-05-27,Navajo,Holbrook,85901,English,1
27d812684ddbfb15,Valeria,Aguilar,valeria.aguilar8042,2021-04-17,Navajo,Holbrook,86025,English,1
9c6410624019439f,Valeria,Rivera,valeria.rivera8096,2022-08-19,Navajo,Winslow,85901,English,1
486de68ab82baeee,Leah,Vasquez,leah.vasquez2679,2016-09-27,Navajo,Winslow,85929,English,1
c3a21eb566b6ec2b,Camila,Garcia,camila.garcia2728,1997-06-07,Navajo,Winslow,86025,English,1
44479f35a99022c7,Elena,Morales,elena.morales3979,2017-09-04,Navajo,Holbrook,85901,Spanish,1
ef02df3094ce1278,Mia,Flores,mia.flores5386,2017-08-15,Navajo,Winslow,85929,Spanish,1
41d26e0b8a0032e4,Mateo,Reyes,mateo.reyes8580,1984-02-29,Navajo,Winslow,85901,English,1
38b1377f959e7fbc,Luna,Ruiz,luna.ruiz7025,1998-05-18,Navajo,Winslow,85901,English,1
e185d2efcbfd0248,Maria,Torres,maria.torres6739,1957-08-23,Navajo,Holbrook,85929,English,1
4da3e929b6a264db,Natalie,Romero,natalie.romero5206,1951-12-26,Pima,Tucson,85746,English,1
0a372b50383c0b46,Gabriel,Ortiz,gabriel.ortiz3746,2003-09-23,Pima,Marana,85701,English,1
415f1a9144401952,Carlos,Hernandez,carlos.hernandez1957,1968-08-06,Pima,Marana,85746,English,1
a18b3454d0e91609,Noah,Molina,noah.molina3836,1983-10-16,Pima,Oro Valley,85705,Spanish,1
261451e6adca8052,Gabriel,Cruz,gabriel.cruz2793,2006-06-15,Pima,Oro Valley,85746,Spanish,1
a0829b73fdedfaab,Maria,Navarro,maria.navarro6686,1964-08-04,Pima,Oro Valley,85705,English,1
f817bfbf3e2e9afd,Chloe,Gomez,chloe.gomez5999,1964-12-19,Pima,Tucson,85746,Spanish,1
b4a16cb1dc294077,Emma,Hernandez,emma.hernandez3548,1946-09-13,Pima,Oro Valley,85701,English,1
e4763b158ebcaae2,David,Gonzalez,david.gonzalez4439,1957-10-08,Pima,Oro Valley,85705,English,1
a6d22ab46672a31d,Chloe,Dominguez,chloe.dominguez7382,1951-07-18,Pima,Tucson,85705,English,1
bd34bf9d216e286d,Sebastian,Ruiz,sebastian.ruiz439,2012-06-30,Pima,Marana,85701,English,1
86240f137b23bcfc,Carlos,Cruz,carlos.cruz4178,2008-01-03,Pima,Tucson,85705,Spanish,1
47e785499a90e201,Aiden,Ramirez,aiden.ramirez9278,1980-03-01,Pima,Marana,85705,English,1
a06a249db7115514,Isabella,Martinez,isabella.martinez9867,1964-02-18,Pima,Marana,85746,English,1
2e747145a2e6315a,Nora,Navarro,nora.navarro3612,1942-06-03,Pima,Marana,85746,English,1
2f944f75d1acfd7e,Adrian,Silva,adrian.silva891,1987-02-14,Pima,Tucson,85746,English,1
373ea5b66f8af38c,Ana,Morales,ana.morales2468,1965-11-26,Pima,Oro Valley,85705,Spanish,1
ec7453d199f28107,Jose,Gomez,jose.gomez7124,1967-05-12,Pima,Tucson,85701,Spanish,1
a3ac195715ccb3ba,Valeria,Ortiz,valeria.ortiz6394,2003-12-11,Pima,Oro Valley,85701,English,1
f188d5f121986d65,Ana,Rivera,ana.rivera2418,1994-01-22,Pima,Tucson,85705,Spanish,1
7ad46c1bd1a70f92,Miguel,Flores,miguel.flores1988,2011-10-21,Pima,Oro Valley,85701,Navajo,1
3ce29c98da8b433a,Adrian,Vega,adrian.vega6055,2008-02-09,Pima,Marana,85701,English,1
a99f76e32df16cfa,Noah,Ramos,noah.ramos9699,1969-11-14,Pima,Tucson,85746,Spanish,1
f9a4aa2d34627ea4,Aria,Ruiz,aria.ruiz5761,1953-01-24,Pima,Tucson,85746,English,1
71f510498dfa7023,Emma,Hernandez,emma.hernandez2686,1963-07-17,Pima,Tucson,85701,English,1
ea237ad509f196d7,Luna,Ramirez,luna.ramirez3560,1956-01-29,Pima,Oro Valley,85701,English,1
6bfe5267a9022bd4,Mateo,Morales,mateo.morales4643,2016-05-06,Pima,Oro Valley,85701,English,1
a8fb3d3d2534cbff,Miguel,Silva,miguel.silva9158,1993-12-05,Pima,Oro Valley,85746,Spanish,1
04dac11bc6fc7ac0,Jose,Garcia,jose.garcia2723,1973-12-03,Pima,Oro Valley,85746,English,1
76ec67798d2720b0,Jose,Mendoza,jose.mendoza997,1956-07-25,Pima,Marana,85705,English,1
338249d98097dee3,Liam,Torres,liam.torres874,1973-01-28,Pima,Oro Valley,85701,Spanish,1
564a77a354f4747c,David,Sanchez,david.sanchez8572,1962-12-01,Pima,Oro Valley,85746,English,1
a0521b47a154f156,Emma,Gomez,emma.gomez9069,1978-04-26,Pima,Tucson,85746,Spanish,1
b05cb772f7d0d242,Jose,Delgado,jose.delgado5275,1958-03-23,Pima,Oro Valley,85705,Spanish,1
f8970c91b9b81bd9,Ana,Mendoza,ana.mendoza4352,2021-09-15,Pima,Oro Valley,85705,English,1
8034224e4e32ca0d,Valeria,Castillo,valeria.castillo8041,2022-02-06,Pima,Oro Valley,85701,Spanish,1
9169c3910fa00996,Ana,Diaz,ana.diaz7879,1994-10-05,Pima,Marana,85701,Spanish,1
8e2a7289f0337fdb,Gabriel,Navarro,gabriel.navarro4096,1963-12-09,Pima,Marana,85701,English,1
83e74f4653201000,Elena,Cruz,elena.cruz935,2015-07-31,Pima,Marana,85701,English,1
9faf0cc5444d8c76,Sebastian,Ramos,sebastian.ramos4729,1966-08-12,Pima,Tucson,85701,English,1
8b4544922d786e69,Ariana,Silva,ariana.silva7328,2009-05-26,Pima,Oro Valley,85705,English,1
b45b16cdbeb88aa2,Noah,Silva,noah.silva6823,2014-12-05,Pima,Tucson,85701,English,1
96070afe3657a01d,Carlos,Lopez,carlos.lopez7534,2003-07-03,Pima,Tucson,85746,English,1
541c6234d92fda80,Leah,Gonzalez,leah.gonzalez7521,1958-01-31,Pima,Oro Valley,85746,English,1
9054c7aa7bf65264,Camila,Ramirez,camila.ramirez2451,2005-01-23,Pima,Oro Valley,85705,English,1
0b2840933738e031,Ana,Reyes,ana.reyes1377,1944-10-18,Pima,Tucson,85746,Spanish,1
e5e09eaa692c8d2f,Ana,Romero,ana.romero7764,2024-11-07,Pima,Marana,85746,Spanish,1
dba07e065dc4b30c,Elena,Ramirez,elena.ramirez9232,1949-02-01,Pima,Tucson,85701,English,1
7b957b5a7b11ffe8,Carlos,Morales,carlos.morales1472,2013-10-31,Pima,Oro Valley,85746,English,1
afceb31b982e7c19,Mia,Martinez,mia.martinez7481,1971-07-17,Pima,Oro Valley,85705,English,1
549ee1d2692dbee3,Luna,Morales,luna.morales1161,2015-01-25,Pima,Tucson,85705,Spanish,1
7b386a3bfeb98b37,Maria,Aguilar,maria.aguilar1815,1994-04-21,Pima,Oro Valley,85746,English,1
24b4bc700fcf2cfb,Grace,Flores,grace.flores5097,1986-08-06,Pima,Tucson,85746,English,1
2ca91010497370cf,Nora,Silva,nora.silva1364,1959-07-05,Pima,Tucson,85705,English,1
f33fa8f953c36c23,Ethan,Ramirez,ethan.ramirez4466,2002-10-04,Pima,Tucson,85701,English,1
96e5530d3ba1237b,Aria,Delgado,aria.delgado3781,1955-07-03,Pima,Marana,85746,Spanish,1
433e1bf673d17e8f,Alex,Ruiz,alex.ruiz2576,2006-11-02,Pima,Tucson,85701,English,1
39f500f3fa36a568,Carlos,Dominguez,carlos.dominguez1783,2023-03-05,Pima,Tucson,85705,English,1
38ce08dab713c11e,Maria,Garcia,maria.garcia1181,1970-10-12,Pima,Tucson,85701,English,1
a96ea6c240bef571,Miguel,Flores,miguel.flores4240,1998-06-19,Pima,Oro Valley,85705,English,1
aab88a4ac7c68e1a,Lucas,Castillo,lucas.castillo8888,2007-04-11,Pima,Marana,85701,Spanish,1
ede63936d305bfdf,Luna,Gomez,luna.gomez7332,1976-01-26,Pima,Marana,85705,Spanish,1
4e2ec0dab20545c0,Leah,Diaz,leah.diaz521,2017-01-15,Pima,Tucson,85701,English,1
b8bdb1985451a56f,Miguel,Gomez,miguel.gomez2312,1947-06-21,Pima,Marana,85746,English,1
fb2460e025ee0f20,Liam,Vega,liam.vega9204,1948-05-07,Pima,Marana,85705,English,1
48804cd56591d5bf,Ethan,Sanchez,ethan.sanchez736,1945-04-07,Pima,Marana,85746,Spanish,1
ac1b2e4591921872,Emma,Vasquez,emma.vasquez5148,1956-02-19,Pima,Marana,85701,Spanish,1
811915dd949c05ad,Ava,Perez,ava.perez292,1945-08-31,Pima,Tucson,85701,English,1
21a23a41beac31d1,Isabella,Romero,isabella.romero4846,1953-01-23,Pima,Marana,85705,Spanish,1
860a0495ba86b64f,Grace,Martinez,grace.martinez869,2020-08-03,Pima,Marana,85701,English,1
a4d33afc1b481414,Isabella,Vasquez,isabella.vasquez588,1956-10-27,Pima,Tucson,85705,English,1
4bc87fb2f2364638,Hannah,Cruz,hannah.cruz9775,1975-11-13,Pima,Oro Valley,85746,English,1
1869b642049a3cca,Samuel,Perez,samuel.perez212,1973-01-19,Pima,Oro Valley,85746,English,1
32914e951d252666,Miguel,Sanchez,miguel.sanchez8170,1976-01-06,Pima,Oro Valley,85705,English,1
71da4797e42ba663,Diego,Ruiz,diego.ruiz6032,1997-03-19,Pima,Marana,85746,English,1
fcf3eaecae1a595a,Grace,Ruiz,grace.ruiz4400,2010-08-08,Pima,Marana,85705,English,1
bad99d915ac4cbc9,David,Romero,david.romero72,1960-07-10,Pima,Marana,85705,Spanish,1
406ac1a3463fba57,David,Sanchez,david.sanchez6777,1981-10-19,Pima,Oro Valley,85746,English,1
fa0b3ab7c317441b,Aria,Garcia,aria.garcia2196,2015-02-19,Pima,Marana,85705,English,1
3831fc2070046536,Miguel,Reyes,miguel.reyes1584,1962-01-16,Pima,Oro Valley,85746,Spanish,1
07cebaf2fa8d6d7e,Ethan,Aguilar,ethan.aguilar6643,1957-11-16,Pima,Tucson,85705,Navajo,1
c046ee93333f40b7,Miguel,Ramos,miguel.ramos135,1943-08-26,Pima,Oro Valley,85705,English,1
3f4cb813376aa6d2,Alex,Vega,alex.vega2639,2003-10-21,Pima,Tucson,85705,English,1
89b7c902f4f688ce,Lucas,Ruiz,lucas.ruiz6394,2001-05-30,Pima,Tucson,85705,English,1
3ad9d4cda837ac75,Emma,Garcia,emma.garcia2783,1961-04-10,Pima,Marana,85705,English,1
7b107651a1963f5c,Maria,Reyes,maria.reyes5888,1972-09-17,Pima,Marana,85701,English,1
743130df785e456a,Jose,Cruz,jose.cruz280,1956-02-20,Pima,Tucson,85746,English,1
cff5897ae4731f8d,Nora,Dominguez,nora.dominguez5108,2020-06-21,Pima,Marana,85746,Spanish,1
aa8e7201d140d755,Maria,Navarro,maria.navarro3573,2021-01-18,Pima,Oro Valley,85746,English,1
f4b1420f3790627f,Natalie,Lopez,natalie.lopez8523,1959-11-28,Pima,Marana,85705,Spanish,1
3ea5b6039e6defef,Emma,Ramirez,emma.ramirez1800,2013-07-25,Pima,Tucson,85705,English,1
ddd031f2c1926582,Javier,Diaz,javier.diaz8038,1955-04-24,Pima,Marana,85705,English,1
d62c1be3e090f45a,Diego,Hernandez,diego.hernandez9506,2024-05-02,Pima,Marana,85705,English,1
2a8100ee8aba7974,Mia,Perez,mia.perez2935,1958-11-05,Pima,Tucson,85746,English,1
21b4c64f6329933d,Samuel,Lopez,samuel.lopez3181,1960-08-11,Pima,Tucson,85746,English,1
e132a8802b660cbd,Mia,Hernandez,mia.hernandez1199,1981-04-06,Pima,Oro Valley,85705,English,1
952bc1823b01564c,Lucas,Garcia,lucas.garcia9069,1983-01-09,Pima,Tucson,85701,English,1
968f22d7f374abc0,Chloe,Ortiz,chloe.ortiz8647,2005-10-08,Pima,Marana,85746,English,1
8f9180707e1dd329,Isabella,Diaz,isabella.diaz7276,1967-04-01,Pima,Oro Valley,85701,English,1
4e775f0d42cf07ed,Alex,Gomez,alex.gomez6510,1947-08-30,Pima,Oro Valley,85705,English,1
3c9126e063294bc3,Gabriel,Ortiz,gabriel.ortiz3655,1956-12-24,Pima,Oro Valley,85701,English,1
f274c6568d62956b,Mia,Cruz,mia.cruz8326,1966-03-09,Pima,Marana,85701,Spanish,1
20e49ad24ebd4163,Camila,Garcia,camila.garcia2558,1988-07-16,Pima,Oro Valley,85705,English,1
3c112a15b91c94ce,Ana,Vasquez,ana.vasquez5791,2008-01-14,Pima,Oro Valley,85746,Spanish,1
7a9405600428fa6b,Hannah,Lopez,hannah.lopez9301,2020-01-21,Pima,Marana,85701,English,1
169772b28899b6a7,Javier,Ramos,javier.ramos8299,1967-02-24,Pima,Marana,85705,English,1
1165a2a2f54a6527,Ariana,Mendoza,ariana.mendoza1003,1993-08-23,Pima,Oro Valley,85701,English,1
724b6cdb35764cba,Isabella,Ortiz,isabella.ortiz7723,2020-04-27,Pima,Marana,85746,English,1
5ccf985c88be1289,Valeria,Reyes,valeria.reyes6220,1963-10-04,Pima,Oro Valley,85701,Spanish,1
cb025a072a4e46f8,Julian,Delgado,julian.delgado1624,1988-12-22,Pima,Tucson,85705,English,1
946af75b6c862db5,Jose,Castillo,jose.castillo4109,2007-12-28,Pima,Oro Valley,85705,English,1
f00667917e11f12c,Natalie,Lopez,natalie.lopez1183,1973-01-31,Pima,Tucson,85705,English,1
4da71cc10cda4335,Noah,Perez,noah.perez2085,2006-05-23,Pima,Tucson,85746,English,1
2d27f9d0830ccb47,Ethan,Ortiz,ethan.ortiz3850,1992-02-12,Pima,Tucson,85701,Spanish,1
c4088fb9716f87c4,Carlos,Romero,carlos.romero760,2003-10-14,Pima,Tucson,85701,English,1
3987b7e071287e02,Carlos,Reyes,carlos.reyes1451,1991-08-27,Pima,Marana,85705,Spanish,1
2e35fcf1604b1497,Aiden,Morales,aiden.morales5442,1981-03-28,Pima,Tucson,85746,English,1
b09d3e000e42b2c6,Natalie,Cruz,natalie.cruz7213,2017-05-22,Pima,Oro Valley,85705,English,1
121f0d5137ba685c,Natalie,Silva,natalie.silva9645,1954-07-05,Pima,Tucson,85705,English,1
0797e1bbadbeefe2,Ana,Vega,ana.vega4142,1952-05-08,Pima,Oro Valley,85701,English,1
829d1b03bf66a88a,Daniel,Flores,daniel.flores4477,1953-12-21,Pima,Marana,85701,Spanish,1
67da1b4697dfe1ec,Elena,Gomez,elena.gomez9178,1950-04-01,Pima,Tucson,85746,Spanish,1
6946a64248d91729,Ariana,Rivera,ariana.rivera4654,1980-04-25,Pima,Marana,85701,English,1
a6e5fe0b753488f9,Daniel,Ramos,daniel.ramos6027,1965-06-04,Pima,Oro Valley,85701,English,1
825caefa7a2c88f6,Gabriel,Ramirez,gabriel.ramirez4194,2012-03-02,Pima,Tucson,85746,English,1
375ba0d20ab43aad,Miguel,Flores,miguel.flores9164,1964-12-29,Pima,Marana,85746,English,1
61c95ed00e9a30de,Daniel,Gomez,daniel.gomez914,1942-03-04,Pima,Marana,85701,English,1
e6947b78ed7c27a6,Camila,Lopez,camila.lopez5221,1979-06-19,Pima,Oro Valley,85746,English,1
1cbacf7e6fb83ab6,Mason,Lopez,mason.lopez7807,1994-07-10,Pima,Tucson,85705,English,1
0b1d66a9309d4f53,Mia,Ramirez,mia.ramirez1342,1982-02-27,Pima,Marana,85705,English,1
e9cff9660be2856f,Mia,Dominguez,mia.dominguez3288,1964-05-05,Pima,Tucson,85705,English,1
2a8b7c0fce96522e,Aiden,Ortiz,aiden.ortiz101,1952-08-31,Pima,Tucson,85701,English,1
08e1b51aa69520f0,Gabriel,Ramos,gabriel.ramos4383,1944-05-22,Pima,Oro Valley,85746,Spanish,1
b3e813f349ec27ed,Ethan,Ramirez,ethan.ramirez5831,1995-03-29,Pima,Marana,85705,English,1
2cd66ce640852cdd,Aiden,Ramos,aiden.ramos7359,2018-08-24,Pima,Oro Valley,85701,English,1
f2764d07556b3648,Daniel,Ruiz,daniel.ruiz3019,1969-09-03,Pima,Oro Valley,85705,English,1
4cce81a8fd59a0d8,Natalie,Torres,natalie.torres5725,1949-01-03,Pima,Marana,85701,English,1
dc4a8b2b27d0ea96,Chloe,Gomez,chloe.gomez6202,1951-12-02,Pima,Tucson,85746,Spanish,1
2c17c6e5921ed0a8,Ava,Vega,ava.vega3425,1994-04-13,Pima,Marana,85746,English,1
963b39e822470519,Grace,Lopez,grace.lopez273,2012-04-11,Pima,Tucson,85705,Spanish,1
896ab5a2a962b66c,Elena,Perez,elena.perez2520,2019-03-03,Pima,Marana,85701,English,1
1bf51fee1e849b0d,David,Sanchez,david.sanchez2133,1948-08-08,Pima,Tucson,85746,English,1
163db3051a388032,Sebastian,Torres,sebastian.torres3467,1976-02-06,Pima,Oro Valley,85705,English,1
9eac4d4d9718d831,Natalie,Aguilar,natalie.aguilar5302,2011-06-13,Pima,Tucson,85701,English,1
d4b1c4458754051f,David,Ramirez,david.ramirez9156,1975-11-20,Pima,Oro Valley,85701,English,1
7ebb9ab8919513c1,Maria,Perez,maria.perez8387,1959-01-21,Pima,Marana,85701,Spanish,1
3e99238f78d6b305,Liam,Navarro,liam.navarro7151,2013-02-02,Pima,Marana,85705,English,1
75acc2aab8a5d302,Hannah,Gonzalez,hannah.gonzalez5343,1990-05-20,Pima,Tucson,85701,Spanish,1
69d00f4dd83915c5,Elena,Garcia,elena.garcia4500,1950-02-27,Pima,Tucson,85746,English,1
be5dfba1774f29e1,Hannah,Morales,hannah.morales814,1942-07-24,Pima,Marana,85705,English,1
9ec2a8f9d069dfc3,Alex,Perez,alex.perez7255,1979-05-06,Pima,Oro Valley,85746,English,1
7eacc0dfd79fa2c5,Carlos,Ramirez,carlos.ramirez977,2007-08-21,Pima,Oro Valley,85746,English,1
f29f2daf54318af1,Maria,Hernandez,maria.hernandez3665,1954-11-19,Pima,Oro Valley,85746,English,1
1ae51c429205cb77,Samuel,Martinez,samuel.martinez3173,1974-01-16,Pima,Tucson,85705,English,1
6b9d23529998fd85,Diego,Torres,diego.torres5789,1957-10-05,Pima,Marana,85746,Navajo,1
ff9b652a1027e8b4,Julian,Rivera,julian.rivera7484,1952-02-17,Pima,Tucson,85705,English,1
20e29ae80b2cced4,Sofia,Martinez,sofia.martinez3403,1994-05-12,Pima,Tucson,85746,English,1
0e1e154de8d506a4,Diego,Flores,diego.flores5556,1957-12-27,Pima,Marana,85701,Spanish,1
d25181c0bab22476,Alex,Rivera,alex.rivera3525,1969-10-05,Pima,Marana,85746,English,1
6dc6224429e631c0,Noah,Castillo,noah.castillo8779,1994-09-15,Pima,Oro Valley,85746,English,1
eae8bcd55ff37e87,Jose,Gomez,jose.gomez3789,1957-03-29,Pima,Marana,85705,English,1
4bd67169e5aeb556,Camila,Castillo,camila.castillo505,1987-01-23,Pima,Oro Valley,85746,English,1
73a4a220774b0e2f,Natalie,Aguilar,natalie.aguilar7390,1967-07-10,Pima,Marana,85705,Navajo,1
ddd974310180e59d,Gabriel,Martinez,gabriel.martinez518,2010-09-16,Pima,Tucson,85705,Spanish,1
49429d2d8c150953,Elena,Lopez,elena.lopez5164,1984-01-28,Pima,Marana,85746,Spanish,1
f20a29cc158d4f05,Valeria,Hernandez,valeria.hernandez4297,2019-04-01,Pima,Tucson,85705,English,1
5d4234ccb0000b4e,Javier,Silva,javier.silva3957,1958-06-14,Pima,Marana,85746,English,1
615570ddedfcf221,Ana,Silva,ana.silva3832,1976-05-11,Pima,Marana,85746,Spanish,1
5c8afd4ce139f565,Olivia,Hernandez,olivia.hernandez7856,1967-04-03,Pima,Marana,85701,English,1
8b98f9091cb73b3e,Adrian,Lopez,adrian.lopez49,1943-09-11,Pima,Marana,85705,English,1
75f7cd261cb6a1b5,Ariana,Flores,ariana.flores9708,1994-08-19,Pima,Marana,85746,English,1
f05069c4f9df1e85,Diego,Vasquez,diego.vasquez1821,1971-01-03,Pima,Oro Valley,85701,English,1
270fa6e8d7da5c99,Lucas,Flores,lucas.flores2981,1971-12-26,Pima,Oro Valley,85746,English,1
f776fa821c7362c1,Grace,Hernandez,grace.hernandez1949,2002-09-26,Pima,Tucson,85701,English,1
c7c42182144046a0,Leah,Molina,leah.molina8510,1998-11-24,Pima,Marana,85701,English,1
a41202da0518fff5,Liam,Vega,liam.vega8314,2009-09-08,Pima,Oro Valley,85746,Spanish,1
41ddbfe2dd284a89,Aria,Sanchez,aria.sanchez370,1969-12-07,Pima,Marana,85746,English,1
849a813c8b1505d7,Olivia,Perez,olivia.perez1253,1961-11-17,Pima,Marana,85701,English,1
0fbf733387b92f59,Camila,Ramirez,camila.ramirez1894,1948-04-17,Pima,Marana,85746,English,1
45579df40e5f49d6,Jose,Reyes,jose.reyes1728,1983-06-09,Pima,Marana,85746,Spanish,1
1228a16ea6e87c7a,Aiden,Romero,aiden.romero9122,2022-12-02,Pima,Oro Valley,85701,Navajo,1
7e3bda739f49a6eb,Emma,Silva,emma.silva881,1956-04-22,Pima,Marana,85701,English,1
8ea9df1d60da5c6a,Sofia,Molina,sofia.molina2630,1943-09-16,Pima,Tucson,85701,English,1
0bb11cc7dbf19987,Miguel,Silva,miguel.silva5539,1992-02-20,Pima,Oro Valley,85746,English,1
fef8ddf2ef29b110,Adrian,Dominguez,adrian.dominguez7296,1947-11-18,Pima,Oro Valley,85746,English,1
86e20b65e2dac2af,Emma,Cruz,emma.cruz1807,1973-07-09,Pima,Tucson,85746,Spanish,1
a64c252f29055e5e,Jose,Romero,jose.romero331,2005-09-30,Pima,Oro Valley,85746,English,1
4adfc5edafee39bb,Leah,Sanchez,leah.sanchez5834,1960-10-29,Pima,Oro Valley,85746,English,1
7df55c755c0eb191,Daniel,Navarro,daniel.navarro7504,2010-01-15,Pima,Tucson,85705,English,1
b3b750752cadfded,Emma,Cruz,emma.cruz8730,2010-05-28,Pima,Tucson,85746,Spanish,1
b75be125fd9a9e6a,Nora,Vasquez,nora.vasquez1828,1974-12-25,Pima,Oro Valley,85701,English,1
4b84d018192e5369,Grace,Vega,grace.vega9192,2012-04-14,Pima,Marana,85701,English,1
9ac914ebaac3be9f,Mia,Romero,mia.romero358,1959-04-04,Pima,Oro Valley,85746,English,1
9ba4026d7b42084a,Olivia,Morales,olivia.morales4187,1995-03-16,Pima,Marana,85705,English,1
5a4ddefb85a2c43d,Miguel,Ramirez,miguel.ramirez4581,2013-12-11,Pima,Marana,85701,Spanish,1
85b71a98b8865b7b,Ariana,Molina,ariana.molina2985,2001-02-14,Pima,Marana,85746,Spanish,1
5b215206190d29ba,Luna,Castillo,luna.castillo7838,1958-06-27,Pima,Marana,85701,Spanish,1
23a47dcbda690db5,Carlos,Cruz,carlos.cruz4578,1962-05-21,Pima,Marana,85746,English,1
c02bb74946664716,Noah,Perez,noah.perez1545,1960-06-07,Pima,Tucson,85701,English,1
c804916b51e9c43e,Sofia,Torres,sofia.torres973,1948-05-13,Pima,Marana,85705,English,1
559447e938baf1e5,Chloe,Molina,chloe.molina2624,1947-11-01,Pinal,Florence,85194,English,1
cddd4648b3c3a77a,Miguel,Flores,miguel.flores4345,1971-09-09,Pinal,San Tan Valley,85132,English,1
69615359a378a6bc,Samuel,Silva,samuel.silva9393,1959-08-05,Pinal,San Tan Valley,85194,Spanish,1
f64a427000453ee1,Aria,Ruiz,aria.ruiz8116,1985-12-02,Pinal,San Tan Valley,85132,English,1
292553452f961db9,Ethan,Dominguez,ethan.dominguez2911,1975-09-19,Pinal,San Tan Valley,85194,Spanish,1
6b40d6a73a055db8,Jose,Ortiz,jose.ortiz928,1961-06-09,Pinal,Florence,85132,English,1
4a36e8a7dd1c7254,Sebastian,Ortiz,sebastian.ortiz7780,1991-09-22,Pinal,San Tan Valley,85122,English,1
c298d2589a264ad0,Samuel,Ramos,samuel.ramos9054,1977-06-13,Pinal,Casa Grande,85194,English,1
cb2e847cd967a7a5,Natalie,Gomez,natalie.gomez1870,1944-06-14,Pinal,Casa Grande,85122,English,1
ce9f9a732a9bb856,Sebastian,Mendoza,sebastian.mendoza1228,1991-01-22,Pinal,Casa Grande,85132,Spanish,1
bb37a2c11f2d5d79,Ethan,Gomez,ethan.gomez6430,2003-06-25,Pinal,San Tan Valley,85194,English,1
a759cc23abcfa098,Ethan,Cruz,ethan.cruz2240,2001-10-19,Pinal,Florence,85122,Spanish,1
a7e19149d49eddbb,Miguel,Flores,miguel.flores9694,1944-09-13,Pinal,Casa Grande,85122,English,1
2bd1543f055b5e07,Alex,Flores,alex.flores1222,2005-03-05,Pinal,Florence,85132,English,1
4209f3c7d094c93f,Sebastian,Navarro,sebastian.navarro2694,2004-05-03,Pinal,San Tan Valley,85194,Spanish,1
083444184d22cc6c,Ana,Perez,ana.perez5352,1994-01-27,Pinal,Casa Grande,85194,English,1
7a8b336fe9cc0fae,Chloe,Ortiz,chloe.ortiz2767,1961-08-23,Pinal,San Tan Valley,85132,English,1
433c3c7e68aee020,Valeria,Cruz,valeria.cruz8797,2019-06-29,Pinal,San Tan Valley,85132,English,1
4c2e0f03bf8c0616,Sebastian,Morales,sebastian.morales8753,2021-03-22,Pinal,Florence,85122,English,1
cbf25fe42c279e5b,Mia,Delgado,mia.delgado4475,1940-02-01,Pinal,Casa Grande,85132,English,1
26bad08568ad6259,Alex,Ortiz,alex.ortiz3360,2005-10-31,Pinal,Casa Grande,85132,Spanish,1
ae050ea9fa8c4f17,Noah,Ramirez,noah.ramirez3788,1963-09-25,Pinal,Casa Grande,85132,Spanish,1
eeb7faf1853f921a,Olivia,Ramos,olivia.ramos6671,2010-08-08,Pinal,Florence,85132,Spanish,1
1685e79c2badd125,Grace,Morales,grace.morales2691,1944-10-23,Pinal,San Tan Valley,85132,Spanish,1
52135f33f5d06a3c,Lucas,Silva,lucas.silva9868,2016-05-03,Pinal,Casa Grande,85132,English,1
e84b0204178aa19a,Ana,Molina,ana.molina9850,2008-02-21,Pinal,Florence,85122,Spanish,1
ec8e70d70e31023b,Diego,Garcia,diego.garcia6093,1993-07-15,Pinal,Casa Grande,85132,English,1
97c93bb42be8d571,Sofia,Mendoza,sofia.mendoza6807,1979-01-21,Pinal,Casa Grande,85122,Spanish,1
95ff81b01bba1d17,Mason,Ortiz,mason.ortiz8239,1960-01-14,Pinal,San Tan Valley,85122,English,1
c31ba96dd0f18b51,Nora,Vasquez,nora.vasquez5780,2021-11-09,Pinal,Florence,85122,Spanish,1
ead383eb9fdb12a1,Julian,Vega,julian.vega8059,1966-01-16,Pinal,Florence,85132,English,1
7b8794de2ec83e9c,Aria,Garcia,aria.garcia6978,1940-08-11,Pinal,Casa Grande,85132,Spanish,1
07fd26a6ac80358b,Ana,Aguilar,ana.aguilar8998,1987-11-11,Pinal,Casa Grande,85194,Spanish,1
a7360a0d8d73231b,Samuel,Hernandez,samuel.hernandez5949,1954-09-25,Pinal,Casa Grande,85132,English,1
c7ca1e1101ad1e72,Ava,Garcia,ava.garcia3346,1999-10-13,Pinal,San Tan Valley,85122,Spanish,1
4a4529bd16d4adfb,Gabriel,Ortiz,gabriel.ortiz7403,1970-09-13,Pinal,Casa Grande,85122,Spanish,1
f28e083123f980f0,Adrian,Garcia,adrian.garcia3663,2014-01-05,Pinal,Florence,85132,English,1
849e271d414ebc56,Julian,Ortiz,julian.ortiz2489,1993-08-11,Pinal,San Tan Valley,85122,Navajo,1
cc860c11a3e57aef,Adrian,Rivera,adrian.rivera7072,2018-02-07,Pinal,Casa Grande,85194,English,1
e8b938867df01fcf,Sofia,Dominguez,sofia.dominguez7974,1951-07-23,Pinal,Casa Grande,85194,English,1
0d81d85b8ceae53b,Emma,Ruiz,emma.ruiz100,1981-09-16,Pinal,Casa Grande,85132,English,1
d9d19081f3a600f8,Carlos,Gomez,carlos.gomez7472,1978-08-13,Pinal,Florence,85194,English,1
346c1d1cac8f61a7,Ana,Perez,ana.perez4561,1972-09-30,Pinal,Florence,85122,English,1
fba15f6169376d73,Chloe,Diaz,chloe.diaz7000,1996-01-28,Pinal,San Tan Valley,85194,English,1
6b3cc14b9a6453f3,David,Gomez,david.gomez1922,1956-05-21,Pinal,San Tan Valley,85122,Spanish,1
b95460b26ed6ec90,Mason,Perez,mason.perez4859,2016-09-24,Pinal,Florence,85122,English,1
e97a3b9a62c73aa1,Mia,Flores,mia.flores8550,1959-06-01,Pinal,San Tan Valley,85194,English,1
2cea9dac43e5e0c1,Camila,Vasquez,camila.vasquez8665,2002-10-07,Pinal,San Tan Valley,85194,Spanish,1
96815ce19034049c,Lucas,Silva,lucas.silva4573,1989-03-20,Pinal,Florence,85132,Navajo,1
4bd5c04a6975df16,Julian,Perez,julian.perez1725,1959-04-04,Pinal,Casa Grande,85132,English,1
80779629e6332a52,Maria,Sanchez,maria.sanchez4718,2011-08-27,Pinal,Casa Grande,85132,English,1
502b1e1eac12d35d,Sebastian,Hernandez,sebastian.hernandez5790,1942-04-05,Pinal,San Tan Valley,85194,English,1
7f00abf82a67f1f7,Hannah,Morales,hannah.morales2101,1958-11-30,Pinal,Casa Grande,85132,English,1
f6d5ce9e30162269,Chloe,Sanchez,chloe.sanchez9305,1952-01-18,Pinal,Florence,85132,Spanish,1
c7f19b3c958232ee,Mason,Romero,mason.romero8664,2022-05-23,Pinal,Florence,85122,English,1
7f908aa855b915fa,Julian,Flores,julian.flores2697,2001-10-25,Pinal,San Tan Valley,85122,English,1
0929ef982f6e7e8f,Jose,Sanchez,jose.sanchez1994,1993-01-13,Pinal,Florence,85122,English,1
763d96d79cc9bd3e,Natalie,Hernandez,natalie.hernandez1960,1994-04-02,Pinal,San Tan Valley,85132,Navajo,1
12290c893de16da7,Nora,Rivera,nora.rivera5656,2017-08-19,Pinal,San Tan Valley,85122,Spanish,1
812a297157df7edb,Ana,Rivera,ana.rivera6677,1985-12-29,Pinal,San Tan Valley,85194,English,1
160fd531d1c172ee,Mason,Flores,mason.flores8458,2010-03-17,Pinal,San Tan Valley,85194,English,1
93bd3d70adde334a,Adrian,Perez,adrian.perez4591,1986-11-19,Pinal,Casa Grande,85132,English,1
23945f21f49fde0d,Aiden,Garcia,aiden.garcia300,1981-09-06,Pinal,Casa Grande,85194,Spanish,1
68d1176794efb7dd,Javier,Reyes,javier.reyes4790,1961-08-16,Pinal,Florence,85122,Navajo,1
ac7e8a601b3bb4ee,Ethan,Garcia,ethan.garcia1967,1988-08-26,Pinal,San Tan Valley,85194,Spanish,1
b2b50030ac473170,Grace,Martinez,grace.martinez9121,1985-06-19,Pinal,San Tan Valley,85132,English,1
f00a7bccf1264b90,Gabriel,Morales,gabriel.morales866,1949-05-12,Pinal,Casa Grande,85132,English,1
a9b21363adad7fe0,Ariana,Sanchez,ariana.sanchez4977,1980-05-08,Pinal,San Tan Valley,85132,English,1
103c4109230fe255,Camila,Gonzalez,camila.gonzalez3360,2009-06-08,Pinal,San Tan Valley,85122,Spanish,1
0258f0956bbdc5e2,Camila,Hernandez,camila.hernandez4835,1989-06-23,Pinal,Florence,85122,English,1
6715b4fc71cd8943,Daniel,Garcia,daniel.garcia1359,1995-09-26,Pinal,San Tan Valley,85132,English,1
1cd2b0ccb7557077,Olivia,Mendoza,olivia.mendoza5376,1971-08-10,Pinal,San Tan Valley,85194,Spanish,1
34160e523d2d8c54,Noah,Garcia,noah.garcia3170,2015-11-18,Pinal,Florence,85132,English,1
4b063fe6e13fb3fb,David,Gonzalez,david.gonzalez2909,1962-07-18,Pinal,San Tan Valley,85132,English,1
8c2a32893406f702,Maria,Flores,maria.flores5050,1992-07-04,Pinal,Florence,85122,English,1
08dd662af9842466,Valeria,Reyes,valeria.reyes5646,1994-06-26,Pinal,San Tan Valley,85132,English,1
4cc591ee4f6e3a8c,Julian,Diaz,julian.diaz2440,1952-04-03,Pinal,Florence,85132,English,1
432e5f97af3cb689,David,Lopez,david.lopez4997,1988-12-28,Pinal,Casa Grande,85194,Navajo,1
e0771428cbd618b7,Samuel,Dominguez,samuel.dominguez8523,1994-11-03,Pinal,Florence,85194,English,1
0acaa81bcdb784fa,Chloe,Delgado,chloe.delgado7777,1971-09-30,Pinal,Casa Grande,85132,English,1
ad1b3c0bf4e77e60,Hannah,Morales,hannah.morales3950,1982-01-01,Pinal,Casa Grande,85122,English,1
e000b421f10232d9,Samuel,Lopez,samuel.lopez6653,1962-06-01,Pinal,San Tan Valley,85132,English,1
e40b37672cfe002a,Elena,Diaz,elena.diaz5707,2002-03-04,Pinal,Florence,85132,English,1
518c028ba80f1b51,Aiden,Garcia,aiden.garcia5718,2014-08-20,Pinal,San Tan Valley,85194,English,1
852176351150a7bb,Mason,Romero,mason.romero1940,1975-12-19,Pinal,Florence,85132,English,1
d6112d0442bebd70,Mia,Morales,mia.morales3539,2007-09-04,Pinal,Florence,85132,Spanish,1
ae885c4d0c72f0f1,Grace,Gomez,grace.gomez7765,2002-03-26,Pinal,Casa Grande,85194,English,1
a52048d16496249a,Leah,Gonzalez,leah.gonzalez6386,2008-04-24,Pinal,Florence,85122,English,1
26079bf5d19b01d0,Sebastian,Flores,sebastian.flores6176,1971-09-25,Pinal,San Tan Valley,85122,Spanish,1
796a4fef15dc306b,Noah,Dominguez,noah.dominguez4079,2006-01-27,Pinal,San Tan Valley,85122,English,1
dd735a4780e28f9f,Nora,Garcia,nora.garcia3504,2006-07-24,Pinal,Casa Grande,85194,English,1
dd23092a4c0c80e9,Grace,Dominguez,grace.dominguez4016,1999-10-14,Pinal,Casa Grande,85122,English,1
d5a28ae10a557507,Leah,Vega,leah.vega2298,1959-06-23,Pinal,San Tan Valley,85122,Spanish,1
06199bede6511dc2,Mateo,Navarro,mateo.navarro2466,1942-04-29,Pinal,San Tan Valley,85132,English,1
0e889b0d9c338a56,Luna,Perez,luna.perez9760,1964-12-04,Pinal,Casa Grande,85132,English,1
4e427af23c8d82aa,Mateo,Gonzalez,mateo.gonzalez9269,1967-09-08,Pinal,Casa Grande,85122,English,1
b88317216f54e11f,Lucas,Perez,lucas.perez1651,2013-09-13,Pinal,San Tan Valley,85194,English,1
20c4a68f351876b8,Olivia,Castillo,olivia.castillo2500,2015-03-20,Pinal,Casa Grande,85132,English,1
1c0214d4c98f6c02,Maria,Martinez,maria.martinez2237,2001-09-14,Pinal,San Tan Valley,85194,English,1
5a575eba0c2fc3b1,Sofia,Aguilar,sofia.aguilar956,1959-06-11,Pinal,San Tan Valley,85122,Spanish,1
f4bf4f1af862e5f4,Jose,Ortiz,jose.ortiz9619,1942-05-25,Pinal,Casa Grande,85132,English,1
f694390f231284e4,Ana,Navarro,ana.navarro8993,1969-02-03,Pinal,Florence,85122,Spanish,1
2dc181d482abb832,Liam,Perez,liam.perez7024,2008-12-14,Pinal,Casa Grande,85194,English,1
134cf194a589b631,Daniel,Ortiz,daniel.ortiz5450,1946-12-27,Pinal,Florence,85122,English,1
ab0e18888fc19903,Jose,Gomez,jose.gomez516,1964-12-18,Pinal,San Tan Valley,85132,English,1
7a3b1494ff19c294,Alex,Vasquez,alex.vasquez489,2019-05-22,Pinal,Florence,85132,English,1
ab2853aa691eef84,Valeria,Aguilar,valeria.aguilar8529,1982-10-03,Pinal,Casa Grande,85122,English,1
a3ec740e4b5906c0,Mason,Sanchez,mason.sanchez6229,1987-05-16,Pinal,San Tan Valley,85132,English,1
ee861096a7dc2cc0,Aria,Molina,aria.molina2428,1988-10-30,Pinal,San Tan Valley,85132,English,1
fd18488f04c55671,Carlos,Martinez,carlos.martinez1990,1965-10-22,Pinal,San Tan Valley,85122,English,1
7f069accb6518542,Lucas,Lopez,lucas.lopez7852,1987-02-06,Pinal,Casa Grande,85122,English,1
b1c64b79a045b30d,Julian,Gonzalez,julian.gonzalez1508,1999-02-11,Pinal,Florence,85132,Navajo,1
e57b13d2dcc1b68f,Jose,Ruiz,jose.ruiz578,2019-09-17,Pinal,Florence,85194,English,1
010f48e3e35a66ec,Ava,Rivera,ava.rivera9314,1993-09-15,Pinal,San Tan Valley,85132,Spanish,1
6a44756c3c378334,Lucas,Ruiz,lucas.ruiz9493,1953-08-10,Pinal,Casa Grande,85194,English,1
0383ec242a52569f,Ariana,Molina,ariana.molina6844,2010-07-18,Pinal,Casa Grande,85132,English,1
3051c9d16775073f,Natalie,Flores,natalie.flores436,1983-08-16,Pinal,San Tan Valley,85122,English,1
3db8a860f6c0635b,Nora,Navarro,nora.navarro2162,2000-02-09,Pinal,Casa Grande,85194,English,1
182293f56593a887,Julian,Ramirez,julian.ramirez3600,2010-10-23,Pinal,San Tan Valley,85122,English,1
53d83fe75f8badca,Elena,Aguilar,elena.aguilar8372,2001-07-09,Pinal,San Tan Valley,85122,Spanish,1
971af1ecf1a270dd,Liam,Rivera,liam.rivera7453,1995-08-14,Pinal,Casa Grande,85122,English,1
f2ef78663360b888,Aria,Ramirez,aria.ramirez2640,1994-03-18,Pinal,San Tan Valley,85122,English,1
cfd4304887aa2c57,Chloe,Delgado,chloe.delgado1384,2004-11-24,Pinal,San Tan Valley,85132,English,1
fe00d2bc3ea73fd3,Noah,Torres,noah.torres1149,1940-09-04,Pinal,Casa Grande,85194,English,1
a6ddc4e9814b1785,Mateo,Perez,mateo.perez8269,1995-10-02,Pinal,San Tan Valley,85132,English,1
f827abecc604168d,Adrian,Navarro,adrian.navarro6573,1953-04-09,Pinal,Florence,85132,English,1
b7af28c739ab282b,Miguel,Lopez,miguel.lopez3981,1976-03-10,Pinal,San Tan Valley,85122,English,1
44934fe77f887539,Camila,Silva,camila.silva610,2011-11-11,Pinal,Casa Grande,85194,English,1
66beb37293fe0694,Adrian,Cruz,adrian.cruz4934,1964-06-26,Pinal,San Tan Valley,85132,Spanish,1
e33352ea9514d4e5,Hannah,Rivera,hannah.rivera2898,2005-05-14,Pinal,San Tan Valley,85122,Spanish,1
0106db087b09e4c3,David,Gomez,david.gomez2988,1970-11-16,Pinal,Florence,85132,English,1
8fbe27b0e1a0f6cb,Adrian,Hernandez,adrian.hernandez6280,1957-07-14,Pinal,Florence,85194,English,1
b6ca2111b0a98b78,Miguel,Torres,miguel.torres2676,1980-09-10,Pinal,Casa Grande,85132,English,1
89ea622758c20515,Ariana,Gonzalez,ariana.gonzalez4317,1970-09-15,Pinal,Casa Grande,85122,Navajo,1
690e93eeb4d0569b,Gabriel,Ramirez,gabriel.ramirez7758,1958-01-17,Pinal,Florence,85122,English,1
0170c015ee67955a,Diego,Diaz,diego.diaz9211,1972-03-28,Pinal,Florence,85132,English,1
ca649da11394d304,Gabriel,Romero,gabriel.romero859,2003-05-04,Pinal,Casa Grande,85122,English,1
f6da32b6d1f803d4,Maria,Cruz,maria.cruz1628,1943-12-25,Pinal,Florence,85122,English,1
cd96f0e16c2f2521,Camila,Romero,camila.romero1731,2005-04-01,Pinal,Casa Grande,85132,Spanish,1
c8a0af6ba9231dd7,Sebastian,Rivera,sebastian.rivera3163,1974-02-28,Pinal,Casa Grande,85194,English,1
3e44d44e449caf22,Olivia,Romero,olivia.romero1539,2009-07-13,Pinal,San Tan Valley,85194,English,1
2e71caf79567efbf,Liam,Aguilar,liam.aguilar7254,1978-10-19,Pinal,Florence,85132,English,1
bb025b92af86c2e3,Luna,Reyes,luna.reyes5511,1995-03-20,Pinal,San Tan Valley,85132,English,1
224d661763e923a3,Emma,Sanchez,emma.sanchez2248,2016-03-17,Pinal,Casa Grande,85132,English,1
eb0b6fa0535ac759,Camila,Vasquez,camila.vasquez5444,2007-11-28,Pinal,Florence,85132,English,1
cc3feb06e6cbc98f,Gabriel,Torres,gabriel.torres1928,1970-05-17,Pinal,Florence,85132,English,1
63b1a510fb076d7a,David,Gonzalez,david.gonzalez3144,1955-11-16,Pinal,Florence,85194,English,1
c9bfde51e7ef0d16,Jose,Vasquez,jose.vasquez7435,1985-01-20,Pinal,Florence,85132,English,1
e160778fdd654b75,Valeria,Hernandez,valeria.hernandez9192,1940-04-30,Pinal,San Tan Valley,85194,English,1
4e81183ba33e1f6d,Diego,Dominguez,diego.dominguez9324,2018-08-25,Pinal,Florence,85194,English,1
2e5b3f0885a6f820,Samuel,Navarro,samuel.navarro5409,1955-08-11,Pinal,San Tan Valley,85132,English,1
872c8a3843d33443,Hannah,Vasquez,hannah.vasquez1109,2015-03-08,Pinal,Florence,85132,English,1
03272ff16d8f116c,Luna,Morales,luna.morales2854,1956-10-23,Pinal,Casa Grande,85132,Spanish,1
f67bae9e74341f7f,Chloe,Aguilar,chloe.aguilar2259,2010-05-31,Pinal,San Tan Valley,85132,English,1
0f7ec8f139139783,Alex,Vasquez,alex.vasquez2222,1976-04-28,Pinal,San Tan Valley,85194,English,1
d7c6e255c63aac10,Ethan,Romero,ethan.romero7756,1973-06-02,Pinal,San Tan Valley,85122,Spanish,1
62d767fb9394742e,Jose,Vega,jose.vega5783,1986-04-22,Pinal,San Tan Valley,85194,Spanish,1
eb3282970dce4d52,Hannah,Dominguez,hannah.dominguez6777,1993-08-19,Pinal,San Tan Valley,85122,English,1
ab0c0411ada56f83,Adrian,Garcia,adrian.garcia6683,1960-09-14,Pinal,Casa Grande,85194,English,1
7471b0c0d380d8f3,Lucas,Silva,lucas.silva9114,1942-05-04,Pinal,Casa Grande,85122,Spanish,1
1d6fbadce2f7d52d,Mason,Castillo,mason.castillo9883,1960-10-28,Pinal,Casa Grande,85194,English,1
54b628d62b0dcaac,Ana,Aguilar,ana.aguilar2461,2019-06-15,Pinal,Florence,85122,English,1
078f08b9dd56c7cd,Natalie,Ramos,natalie.ramos3275,2013-09-18,Pinal,Florence,85132,Spanish,1
9057bcf720642e6e,Camila,Vasquez,camila.vasquez6918,2014-02-07,Pinal,Casa Grande,85194,Spanish,1
17abc315b5f98e23,Grace,Diaz,grace.diaz9371,1984-09-26,Pinal,Casa Grande,85194,Navajo,1
56f093e54e914e2d,Natalie,Diaz,natalie.diaz6772,1942-09-07,Pinal,Casa Grande,85194,English,1
1b0e1dfeb615807e,Aiden,Castillo,aiden.castillo9558,1959-03-12,Pinal,Casa Grande,85194,English,1
e7c366d9f7dadea8,Liam,Torres,liam.torres792,2007-05-13,Pinal,San Tan Valley,85194,Spanish,1
562934c2b627bda2,Sofia,Ramos,sofia.ramos1498,1979-12-25,Pinal,San Tan Valley,85132,English,1
baacedfcc9ff013a,Diego,Vega,diego.vega1824,1973-10-29,Pinal,Florence,85132,English,1
948975f30ed4ca02,Liam,Diaz,liam.diaz7508,1994-05-14,Pinal,Florence,85194,Spanish,1
06fdfa65d53acccf,Natalie,Aguilar,natalie.aguilar1590,2009-01-14,Pinal,Florence,85194,Spanish,1
6e9ac2ba2d353e7c,Lucas,Aguilar,lucas.aguilar9639,1997-02-18,Pinal,Florence,85122,Spanish,1
d01eb5e381a43a49,Luna,Cruz,luna.cruz1385,1979-01-05,Pinal,Casa Grande,85194,Spanish,1
0c8ba99b0d4b5147,Leah,Diaz,leah.diaz2457,1993-10-31,Pinal,San Tan Valley,85122,Navajo,1
2b585887797a2c89,David,Diaz,david.diaz9578,1975-02-07,Pinal,Casa Grande,85132,Spanish,1
d4403b7dae889dd1,Javier,Lopez,javier.lopez3048,2009-05-26,Pinal,Florence,85122,Spanish,1
86ccb8e697d33a3c,Mia,Cruz,mia.cruz9062,2010-01-27,Pinal,Casa Grande,85132,Spanish,1
3687c7e040da4e55,Ana,Ortiz,ana.ortiz3744,2014-09-19,Pinal,Casa Grande,85122,English,1
0a6fb76ea302678c,Ana,Hernandez,ana.hernandez7303,1982-06-05,Pinal,Casa Grande,85122,English,1
0e182cdbae767999,Mateo,Torres,mateo.torres3210,1955-01-18,Pinal,Florence,85194,English,1
863a7057fef388d7,Nora,Perez,nora.perez3385,1959-01-03,Pinal,San Tan Valley,85132,Spanish,1
86eeb06a5a825d9e,Aria,Garcia,aria.garcia4837,2001-01-11,Pinal,Casa Grande,85132,Spanish,1
607aab0b2344a9b6,Julian,Gonzalez,julian.gonzalez9318,1999-03-25,Pinal,Florence,85132,Spanish,1
1387b8b77fcbad10,Aiden,Vasquez,aiden.vasquez1825,1949-10-15,Pinal,Casa Grande,85194,English,1
383fe2de6e3647c2,Lucas,Navarro,lucas.navarro2260,1948-11-28,Pinal,Casa Grande,85132,English,1
3b0e4b4d99125d45,Nora,Morales,nora.morales3749,1976-03-05,Pinal,Casa Grande,85122,English,1
3da35f8e5c44b860,Sofia,Diaz,sofia.diaz2894,1985-07-13,Pinal,Florence,85122,Spanish,1
a3c897da70c7c08a,Mia,Aguilar,mia.aguilar801,1942-06-04,Pinal,Florence,85132,English,1
7a1db7de7af3d647,Leah,Hernandez,leah.hernandez3480,2024-08-11,Pinal,San Tan Valley,85122,English,1
9cd1b1b7fe690601,Ana,Mendoza,ana.mendoza5269,2013-10-24,Pinal,Casa Grande,85122,English,1
37dd1ddceaa9ef7c,Aria,Romero,aria.romero2605,2021-02-06,Pinal,Florence,85194,English,1
21bde8fda35d53ed,Ana,Ortiz,ana.ortiz6059,2008-02-14,Pinal,Casa Grande,85194,English,1
847a7d95f3739648,Mateo,Perez,mateo.perez5164,2014-09-16,Pinal,San Tan Valley,85194,English,1
d3b717e58c053c7e,David,Garcia,david.garcia496,1973-07-30,Pinal,Casa Grande,85132,English,1
e3ce13888d83c079,Samuel,Flores,samuel.flores4324,1946-06-21,Pinal,San Tan Valley,85132,English,1
ae8d92d77cfba78c,Samuel,Delgado,samuel.delgado2831,2000-05-29,Pinal,Florence,85132,English,1
f172c5c28ae32927,Diego,Delgado,diego.delgado7126,2010-12-03,Pinal,Florence,85194,English,1
f50de3f35c3a2a8c,Sebastian,Dominguez,sebastian.dominguez5716,1967-07-13,Pinal,San Tan Valley,85122,Spanish,1
1f11bf85fab08014,Ava,Vasquez,ava.vasquez9930,2010-07-05,Pinal,Casa Grande,85194,English,1
963b89e2fadbb202,Maria,Reyes,maria.reyes7911,2001-08-23,Santa Cruz,Nogales,85621,English,1
86df5765d1a19362,Olivia,Lopez,olivia.lopez2655,1989-04-08,Santa Cruz,Patagonia,85648,English,1
6569fa422e36cd20,Daniel,Vega,daniel.vega4258,1947-06-17,Santa Cruz,Nogales,85648,English,1
d42ae36793468449,Maria,Flores,maria.flores8122,2019-10-06,Santa Cruz,Nogales,85662,English,1
624051ce41219444,Olivia,Rivera,olivia.rivera8317,1949-08-23,Santa Cruz,Nogales,85621,Spanish,1
fa867c79aa6bbaeb,Jose,Lopez,jose.lopez6591,1947-02-25,Santa Cruz,Rio Rico,85648,Spanish,1
a91f266f71ef9ec1,Sofia,Cruz,sofia.cruz9417,1952-03-09,Santa Cruz,Patagonia,85662,English,1
817d5270d678fb52,Valeria,Perez,valeria.perez3754,2008-12-28,Santa Cruz,Patagonia,85648,Spanish,1
74904118987ad185,Mia,Mendoza,mia.mendoza388,2019-10-18,Santa Cruz,Rio Rico,85621,English,1
ef69cb40df0c9daf,Chloe,Dominguez,chloe.dominguez312,1946-06-02,Santa Cruz,Rio Rico,85662,Spanish,1
49434a7d7dc62328,Daniel,Reyes,daniel.reyes6500,1990-06-08,Santa Cruz,Nogales,85648,English,1
eb3ad89d32fa0c17,Lucas,Rivera,lucas.rivera9968,1955-03-14,Santa Cruz,Nogales,85648,English,1
9a6f816664dd0dc6,Liam,Silva,liam.silva1639,2024-03-27,Santa Cruz,Rio Rico,85648,Spanish,1
2cd75fbcff4c1efe,Hannah,Ortiz,hannah.ortiz1435,1977-05-31,Santa Cruz,Nogales,85648,English,1
95fe3728e0b998ca,Aria,Dominguez,aria.dominguez2836,2006-08-23,Santa Cruz,Patagonia,85621,Spanish,1
b22f860a6de605b1,Aria,Ortiz,aria.ortiz4803,1995-10-05,Santa Cruz,Patagonia,85621,English,1
7da8171e4c20c884,Grace,Castillo,grace.castillo6666,1977-06-05,Santa Cruz,Rio Rico,85662,English,1
51e4a76b59bc16b3,Hannah,Dominguez,hannah.dominguez1202,1961-02-24,Santa Cruz,Nogales,85621,Spanish,1
d7268c1d97243c4b,Lucas,Vega,lucas.vega3830,1993-05-01,Santa Cruz,Patagonia,85621,English,1
54f55ae996cd6aa1,Luna,Martinez,luna.martinez199,2024-12-29,Santa Cruz,Rio Rico,85621,English,1
72299ae3b4fbcded,Noah,Morales,noah.morales7410,1992-10-05,Santa Cruz,Rio Rico,85648,Spanish,1
02ab5f2ed74f09b9,Leah,Perez,leah.perez6565,2003-11-27,Santa Cruz,Nogales,85648,English,1
3a72b850c285a490,Olivia,Silva,olivia.silva2660,2015-12-14,Santa Cruz,Patagonia,85662,English,1
6248e85038e2d7bb,Ethan,Vasquez,ethan.vasquez37,2018-09-08,Santa Cruz,Rio Rico,85621,Spanish,1
82d61ab91535db48,Nora,Morales,nora.morales1526,1965-03-11,Santa Cruz,Rio Rico,85621,English,1
3bc74f85ab5bf9b9,Ariana,Martinez,ariana.martinez1836,2019-08-13,Santa Cruz,Rio Rico,85621,English,1
302db8238d498aac,Lucas,Reyes,lucas.reyes1044,1955-03-22,Santa Cruz,Nogales,85662,English,1
70582bc7baa3f744,Valeria,Romero,valeria.romero9463,1980-04-25,Santa Cruz,Nogales,85662,English,1
9820541af2df9943,Mason,Ortiz,mason.ortiz3609,1965-05-08,Santa Cruz,Rio Rico,85662,English,1
b27e3c2632d522c6,Gabriel,Ruiz,gabriel.ruiz2881,2004-09-09,Santa Cruz,Rio Rico,85648,English,1
5730cf31678f3d5c,Ana,Ramirez,ana.ramirez5465,2010-01-29,Santa Cruz,Nogales,85662,Navajo,1
4f862881346b38c0,Luna,Vasquez,luna.vasquez2867,1984-01-03,Santa Cruz,Rio Rico,85621,English,1
96574cb3874d675c,Gabriel,Vega,gabriel.vega5251,1979-09-03,Santa Cruz,Patagonia,85648,English,1
398a7f01eda70fa0,Grace,Martinez,grace.martinez1538,1954-08-18,Santa Cruz,Patagonia,85662,Spanish,1
5fa0495e1a4a07ae,Samuel,Castillo,samuel.castillo8579,1964-05-03,Santa Cruz,Patagonia,85648,Spanish,1
a02034bffd428ac6,Carlos,Aguilar,carlos.aguilar9683,2007-08-07,Santa Cruz,Patagonia,85662,English,1
9c17203661dc4f2b,Daniel,Morales,daniel.morales9862,2010-03-23,Santa Cruz,Patagonia,85648,English,1
8c8176f284679879,Emma,Hernandez,emma.hernandez5511,2002-11-03,Santa Cruz,Rio Rico,85621,English,1
4eb0ddb20c380d8f,Sebastian,Rivera,sebastian.rivera7718,2017-08-16,Santa Cruz,Nogales,85662,English,1
eba3c435616b374c,Emma,Castillo,emma.castillo1426,1979-11-24,Santa Cruz,Patagonia,85662,English,1
af3949910ee70774,Samuel,Vega,samuel.vega969,1960-01-27,Santa Cruz,Patagonia,85621,Spanish,1
35dd99e96ecd6b4f,Hannah,Vasquez,hannah.vasquez7681,1954-12-27,Santa Cruz,Patagonia,85662,Spanish,1
069f00e1b5e97ad3,Ana,Romero,ana.romero2951,1953-08-22,Santa Cruz,Patagonia,85621,Spanish,1
31f0dc314b4310f9,Mia,Flores,mia.flores5095,1999-07-27,Santa Cruz,Patagonia,85621,English,1
6996eed8144c5bee,Liam,Martinez,liam.martinez7054,1980-09-26,Santa Cruz,Rio Rico,85662,English,1
b386c1fed45b5699,Ava,Romero,ava.romero470,1940-10-28,Santa Cruz,Rio Rico,85621,English,1
a89cd6d21130dd28,Ava,Gonzalez,ava.gonzalez899,1972-12-09,Santa Cruz,Rio Rico,85648,Navajo,1
4c5785b8e1917d64,Hannah,Romero,hannah.romero5446,2018-09-15,Santa Cruz,Rio Rico,85648,English,1
be7b05b6099fe0aa,Adrian,Cruz,adrian.cruz5815,2007-06-04,Santa Cruz,Rio Rico,85621,English,1
2e29e7fc2417464c,Liam,Vega,liam.vega120,1966-09-23,Santa Cruz,Patagonia,85648,English,1
0c5f85f376e3b55c,Miguel,Molina,miguel.molina6353,2022-06-04,Santa Cruz,Nogales,85648,Spanish,1
5a4d51a9a6aa941a,Alex,Castillo,alex.castillo4724,2000-03-21,Santa Cruz,Rio Rico,85648,English,1
e63ff95555083e6e,Mia,Martinez,mia.martinez8202,1989-08-10,Santa Cruz,Patagonia,85648,English,1
529168bb0cbc9e64,Daniel,Lopez,daniel.lopez1329,1995-02-27,Santa Cruz,Patagonia,85648,Spanish,1
b552128edb309345,Samuel,Diaz,samuel.diaz9098,1954-04-05,Santa Cruz,Nogales,85621,English,1
ff2787554f215a54,Gabriel,Garcia,gabriel.garcia501,1978-07-28,Santa Cruz,Patagonia,85662,English,1
e4ea08f6ac066bec,Sofia,Gonzalez,sofia.gonzalez9516,2011-02-06,Santa Cruz,Patagonia,85662,English,1
6ef156bf92e8b124,Liam,Ortiz,liam.ortiz383,1998-11-10,Santa Cruz,Rio Rico,85648,English,1
1a0eed9d13c75af2,Elena,Gonzalez,elena.gonzalez8602,1946-01-09,Santa Cruz,Rio Rico,85621,Spanish,1
a669d89ee1d1cefe,Hannah,Mendoza,hannah.mendoza882,1993-03-07,Santa Cruz,Rio Rico,85662,Navajo,1
1565c84fa9898e46,Javier,Castillo,javier.castillo8697,1960-06-10,Santa Cruz,Nogales,85621,English,1
6e3fa3803a763fb7,Noah,Hernandez,noah.hernandez8787,1965-06-15,Santa Cruz,Nogales,85662,English,1
d7e261b581f1f68d,Samuel,Ortiz,samuel.ortiz8416,1971-04-11,Santa Cruz,Nogales,85621,English,1
2fa401452d85638e,Mason,Gonzalez,mason.gonzalez4561,1961-03-01,Santa Cruz,Rio Rico,85648,English,1
5e3c3169644dee37,Luna,Garcia,luna.garcia6213,1957-06-02,Santa Cruz,Nogales,85662,Spanish,1
6eaae38e71310ada,Alex,Molina,alex.molina4543,1948-05-26,Santa Cruz,Patagonia,85648,Spanish,1
3334464b08f07265,Ariana,Lopez,ariana.lopez6987,1994-08-05,Santa Cruz,Rio Rico,85648,English,1
2eb16006e7a90270,Grace,Morales,grace.morales7014,2007-12-27,Santa Cruz,Rio Rico,85621,Spanish,1
8b179df70019080f,Gabriel,Mendoza,gabriel.mendoza5705,1974-03-25,Santa Cruz,Nogales,85662,Spanish,1
de7488926c716d03,Luna,Navarro,luna.navarro3593,1952-03-04,Santa Cruz,Patagonia,85648,Spanish,1
4a1378e5e055e0a2,Miguel,Vega,miguel.vega7828,2003-08-05,Santa Cruz,Patagonia,85648,English,1
cb25ef228ece8058,Aria,Garcia,aria.garcia7763,1968-05-06,Santa Cruz,Rio Rico,85648,English,1
d1d2db1d9fc18d4b,Ana,Romero,ana.romero4640,1968-01-02,Santa Cruz,Patagonia,85648,English,1
06399e9380f2220d,Alex,Perez,alex.perez4765,1954-10-11,Santa Cruz,Patagonia,85662,Spanish,1
18c7f26578092a2c,Aria,Cruz,aria.cruz6321,1940-07-01,Santa Cruz,Nogales,85662,English,1
c9c9eaeaf13e0fe9,Chloe,Torres,chloe.torres4596,1986-01-06,Santa Cruz,Patagonia,85621,English,1
cd458eb3d913ff5b,Valeria,Perez,valeria.perez7121,1971-09-13,Santa Cruz,Rio Rico,85621,English,1
c6a83fb53db22423,Luna,Reyes,luna.reyes4555,1999-01-09,Santa Cruz,Rio Rico,85621,Spanish,1
6503e82e8ee8a50f,Julian,Perez,julian.perez4022,1952-06-13,Santa Cruz,Patagonia,85662,Navajo,1
d15a2de3bdb283b7,Aria,Molina,aria.molina8774,2013-02-13,Santa Cruz,Patagonia,85648,English,1
8750d611556490e2,Aria,Aguilar,aria.aguilar7289,1976-01-07,Santa Cruz,Patagonia,85648,English,1
aaec5f4bda070f6d,Maria,Diaz,maria.diaz2393,2001-04-16,Santa Cruz,Nogales,85621,English,1
6f4eea0d1fcd849b,Aiden,Silva,aiden.silva7457,1994-08-12,Santa Cruz,Nogales,85621,Spanish,1
629c241e82efbef7,Hannah,Flores,hannah.flores7403,1977-06-14,Santa Cruz,Rio Rico,85648,English,1
52a9c9dcbf0040b1,Elena,Flores,elena.flores2759,1944-04-19,Santa Cruz,Rio Rico,85648,English,1
0f057e43d0aecb2f,Adrian,Mendoza,adrian.mendoza800,2020-01-29,Santa Cruz,Nogales,85648,Navajo,1
b3c8b76267a48956,Daniel,Garcia,daniel.garcia1397,2010-12-02,Santa Cruz,Nogales,85648,English,1
0f9c710daef6c770,Elena,Cruz,elena.cruz6413,1952-12-06,Santa Cruz,Nogales,85662,English,1
5972da5f160a5a3e,Luna,Torres,luna.torres3468,1952-02-27,Santa Cruz,Nogales,85621,Spanish,1
b6d55da3f5824b89,Olivia,Vasquez,olivia.vasquez7800,1977-07-01,Santa Cruz,Patagonia,85648,English,1
3c41c9fc3edbb1f4,Ariana,Hernandez,ariana.hernandez9997,2023-07-23,Santa Cruz,Rio Rico,85621,English,1
ad310c9cc39564ac,Jose,Torres,jose.torres1452,1945-10-02,Santa Cruz,Nogales,85662,English,1
c4d2e886d1f2709c,Valeria,Garcia,valeria.garcia6024,1984-07-07,Santa Cruz,Nogales,85662,English,1
d7a1e9b5197d38c4,Julian,Martinez,julian.martinez9085,2015-12-13,Santa Cruz,Patagonia,85621,English,1
1c27b1e60a4b98d9,Carlos,Romero,carlos.romero2566,1967-06-11,Santa Cruz,Patagonia,85621,English,1
a0e58e17e3cf33c3,Olivia,Torres,olivia.torres5059,1967-01-06,Santa Cruz,Patagonia,85621,Spanish,1
752bd61bdc881cdb,Noah,Vasquez,noah.vasquez1123,1991-10-03,Santa Cruz,Patagonia,85648,English,1
2f0843ee0e3725d5,Aria,Torres,aria.torres2731,1985-12-15,Santa Cruz,Rio Rico,85621,Spanish,1
35c11432fa06e007,Maria,Hernandez,maria.hernandez1889,2011-03-22,Santa Cruz,Rio Rico,85621,Spanish,1
9f3e968878436661,Chloe,Lopez,chloe.lopez8574,1961-11-29,Santa Cruz,Patagonia,85662,Spanish,1
b15543cee365d2aa,Isabella,Rivera,isabella.rivera5417,2007-08-06,Santa Cruz,Patagonia,85662,English,1
786c0656aee47405,Mia,Mendoza,mia.mendoza564,2015-05-31,Santa Cruz,Patagonia,85648,English,1
4419d94c7857e9de,Gabriel,Flores,gabriel.flores5376,1977-08-22,Santa Cruz,Rio Rico,85621,English,1
1064bf233cc66735,Liam,Castillo,liam.castillo1021,1951-01-09,Santa Cruz,Nogales,85648,English,1
ca23262228c36059,Mason,Castillo,mason.castillo2950,2024-01-18,Santa Cruz,Rio Rico,85648,English,1
85f8182fc01cacff,Nora,Ruiz,nora.ruiz4858,1950-07-23,Santa Cruz,Patagonia,85621,Spanish,1
ac9fed71f3e6619a,Valeria,Reyes,valeria.reyes908,2000-05-29,Santa Cruz,Patagonia,85662,English,1
d8e967e3f996b4c2,Aiden,Hernandez,aiden.hernandez3616,1974-10-13,Santa Cruz,Nogales,85662,English,1
37a8820f89204562,Sebastian,Aguilar,sebastian.aguilar3314,1980-03-12,Santa Cruz,Patagonia,85621,English,1
ea6c5a86e25ba6ae,Maria,Ortiz,maria.ortiz3352,1974-03-16,Santa Cruz,Patagonia,85621,English,1
dfd1086769949180,Valeria,Ruiz,valeria.ruiz8441,2010-09-28,Santa Cruz,Nogales,85648,English,1
272eed428ae22732,Ana,Silva,ana.silva8116,1983-05-09,Santa Cruz,Patagonia,85621,English,1
9f517c4772380ea3,Maria,Delgado,maria.delgado929,1962-07-25,Santa Cruz,Rio Rico,85621,English,1
d10902a65747c505,Maria,Diaz,maria.diaz7884,1963-06-13,Santa Cruz,Patagonia,85648,Spanish,1
a79b5d4f22b62cea,Aiden,Vasquez,aiden.vasquez3705,2014-08-04,Santa Cruz,Rio Rico,85621,English,1
e4f902ad9d413f05,Daniel,Silva,daniel.silva932,1941-05-07,Santa Cruz,Rio Rico,85662,English,1
3323586e9982980f,Ana,Morales,ana.morales2996,1962-03-02,Santa Cruz,Patagonia,85662,English,1
16c491408ceda0eb,Leah,Garcia,leah.garcia8553,2003-07-11,Santa Cruz,Rio Rico,85648,Spanish,1
5ac0fb940fcd4f80,Olivia,Vasquez,olivia.vasquez3983,1952-01-16,Santa Cruz,Rio Rico,85662,English,1
b6c1ac7953a36448,Julian,Delgado,julian.delgado2120,1964-02-28,Santa Cruz,Rio Rico,85621,English,1
f0ff2ff78db104f2,Mason,Ramirez,mason.ramirez4229,1978-02-14,Santa Cruz,Nogales,85648,English,1
1a904584e361919d,Javier,Rivera,javier.rivera6506,1951-08-20,Santa Cruz,Rio Rico,85662,English,1
b982a48a8e340193,Aiden,Silva,aiden.silva8608,2015-10-19,Santa Cruz,Rio Rico,85662,English,1
54d1747d506507cb,Gabriel,Lopez,gabriel.lopez4900,1975-04-01,Santa Cruz,Nogales,85662,English,1
d5bc45e75ac73af5,Camila,Aguilar,camila.aguilar9778,1977-11-21,Santa Cruz,Rio Rico,85648,Spanish,1
a8ed80fe81a11124,Ethan,Gomez,ethan.gomez2251,1953-06-21,Santa Cruz,Nogales,85662,English,1
09ea7998d4c6a0e9,Chloe,Ramos,chloe.ramos2021,1980-03-30,Santa Cruz,Patagonia,85621,English,1
38d4df7ac82660e3,Hannah,Torres,hannah.torres745,1995-11-07,Santa Cruz,Nogales,85621,English,1
beb64d17a6d0845f,Mason,Ramirez,mason.ramirez7307,1948-01-01,Santa Cruz,Rio Rico,85648,English,1
65af045327052a71,Julian,Torres,julian.torres9205,1983-06-25,Santa Cruz,Nogales,85648,English,1
a6142e131266c1d6,Ariana,Gomez,ariana.gomez1839,2020-10-08,Santa Cruz,Nogales,85662,English,1
37c3d14e4bb4156d,Mia,Ortiz,mia.ortiz9530,1973-11-06,Santa Cruz,Nogales,85621,English,1
491edd8d36ca06c3,Emma,Ramos,emma.ramos5344,1990-01-20,Santa Cruz,Rio Rico,85621,English,1
5233bb73e8b25402,Ana,Reyes,ana.reyes3219,1986-08-29,Santa Cruz,Patagonia,85662,English,1
d376346f4c441e25,Maria,Hernandez,maria.hernandez6844,2007-03-22,Santa Cruz,Nogales,85662,English,1
4a8c3ef147a23b51,Camila,Vega,camila.vega7570,1959-08-16,Santa Cruz,Rio Rico,85662,English,1
07c990a7a5b825cc,Sofia,Ortiz,sofia.ortiz2425,1972-10-29,Santa Cruz,Patagonia,85621,English,1
88ee4a97a2cc1814,Miguel,Molina,miguel.molina8411,1978-08-07,Santa Cruz,Patagonia,85648,English,1
2ab3c2429565149d,David,Ortiz,david.ortiz8070,2014-01-13,Santa Cruz,Nogales,85662,Navajo,1
add36e2265d841d7,Chloe,Ruiz,chloe.ruiz7862,1988-08-20,Santa Cruz,Rio Rico,85648,English,1
3ab31f70377d17a7,Maria,Sanchez,maria.sanchez4765,1970-11-23,Santa Cruz,Nogales,85621,Spanish,1
26b7a30945865d4d,Alex,Gomez,alex.gomez6240,1995-12-17,Santa Cruz,Rio Rico,85621,Spanish,1
0e6b8b888cadf37b,Olivia,Vega,olivia.vega7266,1954-11-11,Santa Cruz,Nogales,85648,Spanish,1
b74a39d68d900303,Mia,Romero,mia.romero3801,1986-01-07,Santa Cruz,Nogales,85662,English,1
ffa0adbcd62cc15c,Miguel,Ramirez,miguel.ramirez2090,1972-02-13,Santa Cruz,Rio Rico,85662,English,1
aeabd0fcb4d9bebe,Samuel,Diaz,samuel.diaz5827,1961-10-17,Santa Cruz,Rio Rico,85662,English,1
7e9fbb821001c642,Carlos,Martinez,carlos.martinez8208,2018-11-04,Santa Cruz,Patagonia,85621,English,1
7228e062b47258f7,Emma,Garcia,emma.garcia6660,2004-06-11,Santa Cruz,Patagonia,85648,Spanish,1
ffd42e624bf62884,Ethan,Ortiz,ethan.ortiz3873,2004-08-11,Santa Cruz,Rio Rico,85662,English,1
6908c5c9d016c251,Maria,Romero,maria.romero9518,2020-07-08,Santa Cruz,Patagonia,85648,Spanish,1
c48f111b1e59b2df,Ethan,Molina,ethan.molina5323,2018-02-14,Santa Cruz,Rio Rico,85621,Spanish,1
8e73c1e11909266d,Javier,Gomez,javier.gomez3370,1996-10-28,Santa Cruz,Rio Rico,85662,English,1
8372380b76b28e41,Nora,Flores,nora.flores5696,2001-08-02,Santa Cruz,Rio Rico,85662,Spanish,1
36fa5e205984936d,Ava,Reyes,ava.reyes2066,1947-04-10,Santa Cruz,Nogales,85662,English,1
7205bcdd290e6d3b,Gabriel,Gomez,gabriel.gomez2127,1960-04-17,Santa Cruz,Rio Rico,85648,Spanish,1
45aa921fcb455417,Camila,Castillo,camila.castillo4037,2023-05-26,Santa Cruz,Rio Rico,85662,Spanish,1
62e37f863c11daeb,Mia,Diaz,mia.diaz1001,1994-05-06,Santa Cruz,Patagonia,85621,English,1
8a09326b2bccc9b2,Samuel,Aguilar,samuel.aguilar8363,2023-05-18,Santa Cruz,Rio Rico,85621,English,1
142886b747a7d47f,Olivia,Ortiz,olivia.ortiz2909,1954-03-05,Santa Cruz,Nogales,85648,Spanish,1
508c8dcf223b2a05,Elena,Vega,elena.vega5210,1967-07-17,Santa Cruz,Rio Rico,85648,English,1
082397205ba42149,Natalie,Perez,natalie.perez9328,1975-01-29,Santa Cruz,Patagonia,85621,English,1
574e63e344fe4b53,Hannah,Dominguez,hannah.dominguez8475,1973-09-04,Santa Cruz,Patagonia,85648,English,1
3fb4463bd7468bb7,Olivia,Gonzalez,olivia.gonzalez8802,2005-11-27,Santa Cruz,Patagonia,85621,English,1
87e7164b0a8b6719,Samuel,Sanchez,samuel.sanchez6844,2018-09-09,Santa Cruz,Nogales,85621,English,1
de8a8b9ef9fa11b2,Emma,Ramos,emma.ramos3498,1946-02-13,Santa Cruz,Nogales,85662,Spanish,1
4bf980bb4660d073,Ana,Vega,ana.vega3059,2023-12-14,Santa Cruz,Patagonia,85621,English,1
f78f8064aaf113bd,Jose,Rivera,jose.rivera6255,1940-10-27,Santa Cruz,Patagonia,85648,Spanish,1
bc426282a9a68831,Chloe,Flores,chloe.flores4998,1978-08-14,Santa Cruz,Nogales,85621,Spanish,1
67132c184bc14b98,Sebastian,Navarro,sebastian.navarro5442,1998-07-04,Santa Cruz,Patagonia,85621,English,1
444d1f2ff8443a3d,Aria,Castillo,aria.castillo8135,2023-04-15,Santa Cruz,Nogales,85648,English,1
af3093e3fe575f21,Julian,Ortiz,julian.ortiz4523,1973-01-28,Santa Cruz,Rio Rico,85621,English,1
df9c98072604593e,Diego,Ruiz,diego.ruiz2387,1973-11-05,Santa Cruz,Nogales,85648,English,1
9e4e2261d82ee70a,Olivia,Gonzalez,olivia.gonzalez2920,1991-01-16,Santa Cruz,Rio Rico,85648,English,1
4562a913ba2548dc,Maria,Sanchez,maria.sanchez4147,2018-08-15,Santa Cruz,Patagonia,85648,English,1
7efbe14fc73d010f,Liam,Hernandez,liam.hernandez5744,1985-11-18,Santa Cruz,Nogales,85662,English,1
9707d242909ca9a8,Liam,Cruz,liam.cruz5705,1949-03-05,Santa Cruz,Rio Rico,85648,English,1
751bd1b9550fd1ee,Ana,Reyes,ana.reyes6092,1990-05-07,Santa Cruz,Rio Rico,85662,English,1
440db46d9cf4cbba,Camila,Castillo,camila.castillo2343,1982-07-09,Santa Cruz,Nogales,85648,English,1
c5f548270d672604,Ethan,Aguilar,ethan.aguilar292,1993-05-13,Santa Cruz,Nogales,85648,English,1
f6b9f2f7ee3cf9f2,David,Ortiz,david.ortiz3983,1956-06-08,Santa Cruz,Patagonia,85621,Spanish,1
8f6c3687ae4b0767,Adrian,Reyes,adrian.reyes1420,2004-10-27,Santa Cruz,Nogales,85621,Spanish,1
bf7d0b8deef58ef6,Chloe,Gomez,chloe.gomez1999,1984-07-14,Santa Cruz,Nogales,85621,Spanish,1
0719fa4369757e37,Olivia,Ruiz,olivia.ruiz5547,1967-01-16,Santa Cruz,Nogales,85621,Spanish,1
c3d69369cf7d6bef,David,Aguilar,david.aguilar8479,1952-10-31,Santa Cruz,Rio Rico,85662,English,1
3662c71cc630b404,Olivia,Perez,olivia.perez4299,1984-06-27,Santa Cruz,Patagonia,85621,English,1
8f953a21072deae8,Mateo,Ortiz,mateo.ortiz4525,1986-03-13,Santa Cruz,Patagonia,85621,English,1
015953d955ee750f,Nora,Ramos,nora.ramos7245,1948-06-02,Santa Cruz,Patagonia,85621,Navajo,1
a9af44ad98301c76,Natalie,Flores,natalie.flores4926,1973-07-11,Santa Cruz,Patagonia,85621,English,1
982c962a7cdb2e5a,Aiden,Mendoza,aiden.mendoza8100,2005-02-19,Santa Cruz,Rio Rico,85621,Navajo,1
c5515a189bf35c0d,Olivia,Martinez,olivia.martinez1781,2017-05-03,Santa Cruz,Nogales,85662,English,1
d0dca16fc6a4bda8,Camila,Molina,camila.molina7875,1999-11-24,Santa Cruz,Nogales,85621,Navajo,1
65c5f227e8763d37,Emma,Silva,emma.silva8457,2009-05-06,Santa Cruz,Rio Rico,85662,English,1
cbe37e4d99e6111d,Diego,Ramos,diego.ramos9826,2005-10-18,Santa Cruz,Rio Rico,85621,Spanish,1
c424fd39d655c18b,Ethan,Mendoza,ethan.mendoza1620,1949-04-23,Santa Cruz,Nogales,85662,English,1
f962d6498b81f067,Diego,Ramos,diego.ramos8829,1998-05-07,Santa Cruz,Nogales,85621,Spanish,1
3746d05bba3f81d8,Valeria,Martinez,valeria.martinez2042,2003-10-25,Santa Cruz,Rio Rico,85621,English,1
3f6a21d87fd28815,Lucas,Castillo,lucas.castillo5477,1953-09-03,Santa Cruz,Patagonia,85621,Spanish,1
f56c255c47dc1c6c,Carlos,Mendoza,carlos.mendoza926,1990-01-10,Santa Cruz,Patagonia,85662,English,1
0a9717df1d47967d,Sebastian,Ramos,sebastian.ramos4569,2003-12-11,Santa Cruz,Rio Rico,85648,English,1
19d8ffb3dcfff0b8,Adrian,Garcia,adrian.garcia5962,1947-05-17,Santa Cruz,Rio Rico,85648,English,1
7cfcf5a5f2221acf,Alex,Romero,alex.romero333,1995-03-18,Yavapai,Prescott,86336,English,1
350b5b0dad780c87,Leah,Flores,leah.flores8826,1947-12-16,Yavapai,Sedona,86314,English,1
b9cefe94f4b3756f,Grace,Rivera,grace.rivera9810,1959-10-30,Yavapai,Sedona,86314,Spanish,1
b237f9a858975850,Nora,Martinez,nora.martinez820,1987-05-22,Yavapai,Cottonwood,86301,Spanish,1
d2f0d825fd652ea1,Adrian,Reyes,adrian.reyes5851,1954-11-05,Yavapai,Prescott,86301,English,1
7ecec2c0145365ab,Javier,Ruiz,javier.ruiz25,1980-11-27,Yavapai,Sedona,86301,English,1
ff44093a85a4de0e,Mateo,Ramos,mateo.ramos1758,2021-07-18,Yavapai,Sedona,86336,English,1
e620fa3e1630a700,Ava,Morales,ava.morales803,1997-09-01,Yavapai,Sedona,86314,Spanish,1
d83d7c3af9715ed8,Camila,Morales,camila.morales2209,1953-08-07,Yavapai,Sedona,86301,English,1
1e8ab3685ae67f4e,Sofia,Ruiz,sofia.ruiz1352,1943-12-10,Yavapai,Prescott,86301,English,1
7cb01639e3c1b5cb,Maria,Gonzalez,maria.gonzalez8186,1970-05-14,Yavapai,Prescott,86314,English,1
9efc91030ce51f73,Gabriel,Perez,gabriel.perez783,1948-04-16,Yavapai,Sedona,86336,English,1
54c2145c36bddf2b,Samuel,Hernandez,samuel.hernandez7945,1958-03-07,Yavapai,Sedona,86336,Navajo,1
c16184f067ee4647,Sofia,Torres,sofia.torres8382,2003-05-06,Yavapai,Prescott,86314,Spanish,1
2059fee496735053,Mason,Ortiz,mason.ortiz342,1976-10-04,Yavapai,Prescott,86314,English,1
b1d242ae9f66cb1c,Luna,Romero,luna.romero7263,1940-04-15,Yavapai,Cottonwood,86314,English,1
e284059ad2c75e7d,Miguel,Navarro,miguel.navarro9189,2020-07-07,Yavapai,Sedona,86336,English,1
4a33026ed722ff34,Chloe,Molina,chloe.molina2256,2020-03-05,Yavapai,Prescott,86301,English,1
9a501fc134de227d,Chloe,Vega,chloe.vega6017,1992-09-18,Yavapai,Prescott,86314,English,1
d9299459bddc1207,Aria,Rivera,aria.rivera7925,2006-04-11,Yavapai,Sedona,86336,English,1
a31bffda11a25b9b,Lucas,Delgado,lucas.delgado1015,1995-04-14,Yavapai,Sedona,86314,English,1
b8850bb2440921eb,Sofia,Vasquez,sofia.vasquez859,1962-09-13,Yavapai,Sedona,86301,English,1
f6753f0754b0aaef,Alex,Ramos,alex.ramos2701,1972-12-14,Yavapai,Cottonwood,86314,Spanish,1
bb8e3f1405499d4f,Nora,Sanchez,nora.sanchez904,1943-08-29,Yavapai,Sedona,86336,Spanish,1
224a437cf64b8ec1,Nora,Silva,nora.silva4224,2012-01-31,Yavapai,Cottonwood,86336,Spanish,1
96882cbd9d20e3b9,Mateo,Dominguez,mateo.dominguez766,1981-06-24,Yavapai,Cottonwood,86336,English,1
267e3e9066ffd2e0,Noah,Ramos,noah.ramos2644,2014-04-10,Yavapai,Prescott,86314,English,1
622a2c1b70ce8b8e,Ava,Romero,ava.romero6545,2005-06-27,Yavapai,Cottonwood,86314,Spanish,1
6e4db61dbbd33c00,Daniel,Vasquez,daniel.vasquez5068,1948-02-13,Yavapai,Sedona,86336,English,1
9399b44d61b3a6b8,Nora,Rivera,nora.rivera246,2014-05-21,Yavapai,Prescott,86314,English,1
97cf2d63d2c644b9,Leah,Sanchez,leah.sanchez151,2021-11-14,Yavapai,Prescott,86336,English,1
c2b33f9f417f2d5a,Valeria,Castillo,valeria.castillo4113,2021-12-14,Yavapai,Cottonwood,86314,English,1
230f4a7e7dc95b19,Carlos,Mendoza,carlos.mendoza7211,2012-05-08,Yavapai,Prescott,86336,English,1
242196bbeacf57bb,Leah,Sanchez,leah.sanchez8562,2001-11-18,Yavapai,Prescott,86336,English,1
3877f3a9519d671b,Isabella,Vega,isabella.vega2196,1955-06-13,Yavapai,Prescott,86336,English,1
99d644727e44a051,Emma,Reyes,emma.reyes8860,1978-04-06,Yavapai,Prescott,86301,English,1
9b671c1721de2902,Chloe,Cruz,chloe.cruz9440,1997-03-16,Yavapai,Sedona,86314,Spanish,1
68086e3da327a128,Miguel,Dominguez,miguel.dominguez7640,2012-05-03,Yavapai,Sedona,86336,Spanish,1
369fb5b4e32fc157,Jose,Vega,jose.vega9017,2021-08-01,Yavapai,Prescott,86336,English,1
a4dcc741f8298f54,Ava,Vasquez,ava.vasquez2382,1982-12-05,Yavapai,Sedona,86301,English,1
fc555b33d8636fff,Liam,Vasquez,liam.vasquez8340,2004-09-26,Yavapai,Cottonwood,86336,English,1
795eba98d76291eb,Camila,Sanchez,camila.sanchez4882,2015-01-02,Yavapai,Prescott,86301,Spanish,1
d960dda70289c898,Gabriel,Gonzalez,gabriel.gonzalez6765,1996-12-19,Yavapai,Sedona,86301,English,1
48dd519f4a45a968,Lucas,Perez,lucas.perez6935,2019-11-07,Yavapai,Cottonwood,86314,English,1
d9e27775fcd725a6,Luna,Morales,luna.morales1513,1979-01-06,Yavapai,Prescott,86336,English,1
5c38e60649cbac5f,Valeria,Aguilar,valeria.aguilar4796,1982-12-23,Yavapai,Cottonwood,86301,English,1
d67709932b48ff72,Chloe,Molina,chloe.molina6194,1947-01-02,Yavapai,Cottonwood,86336,English,1
d2d591d0f179476e,Ana,Navarro,ana.navarro7710,1966-09-08,Yavapai,Prescott,86336,Spanish,1
8b20baf1076fc65f,Daniel,Mendoza,daniel.mendoza6241,1954-09-26,Yavapai,Prescott,86336,English,1
6eaf2a009f66b930,Leah,Martinez,leah.martinez4586,2020-12-26,Yavapai,Cottonwood,86336,English,1
cd21d9c822c26abb,Gabriel,Ruiz,gabriel.ruiz907,1951-06-18,Yavapai,Prescott,86336,Spanish,1
43f50b21315cd12b,Emma,Ruiz,emma.ruiz8040,2004-08-04,Yavapai,Cottonwood,86314,Spanish,1
78f9b6bcb70d210c,Liam,Reyes,liam.reyes4385,2017-06-05,Yavapai,Sedona,86314,English,1
06ec59c7e94a88a6,Julian,Navarro,julian.navarro7907,1952-05-12,Yavapai,Sedona,86301,English,1
cdf0139a16f2b562,Sebastian,Morales,sebastian.morales2237,1994-07-23,Yavapai,Sedona,86301,English,1
7c5cb14fd4d7ef88,Liam,Silva,liam.silva6056,1956-12-02,Yavapai,Sedona,86336,English,1
c8cce09deb82f32a,Mateo,Dominguez,mateo.dominguez4067,1947-06-13,Yavapai,Sedona,86336,English,1
b68c2442016523d4,Diego,Lopez,diego.lopez4901,1943-01-19,Yavapai,Prescott,86336,English,1
263c8673a3e8b5e7,Javier,Cruz,javier.cruz456,1963-09-28,Yavapai,Sedona,86314,English,1
25fe3b97ffb7df77,Aria,Vega,aria.vega1333,1990-07-03,Yavapai,Sedona,86301,Spanish,1
a28ea1c4febc84b1,Adrian,Cruz,adrian.cruz7458,1952-09-07,Yavapai,Prescott,86314,Spanish,1
cd162af1584f6dfe,Ariana,Castillo,ariana.castillo326,1956-11-06,Yavapai,Sedona,86301,Spanish,1
2785daaec692c958,Grace,Lopez,grace.lopez8241,1954-04-23,Yavapai,Prescott,86301,English,1
cfc896fa53cc0964,Alex,Flores,alex.flores9899,2004-08-09,Yavapai,Sedona,86301,English,1
703516b5d46242ae,Sebastian,Reyes,sebastian.reyes3007,1969-03-18,Yavapai,Cottonwood,86336,English,1
3c18c28430ba3208,Javier,Gomez,javier.gomez1351,1959-12-25,Yavapai,Cottonwood,86336,English,1
5ec19f1d8bafdef8,Olivia,Molina,olivia.molina9929,2016-12-30,Yavapai,Prescott,86314,English,1
be2c58c285b35dbd,Adrian,Martinez,adrian.martinez155,1989-05-06,Yavapai,Cottonwood,86301,Spanish,1
6f26fe56a42f45e2,Daniel,Molina,daniel.molina4543,1988-04-23,Yavapai,Sedona,86336,English,1
49ea0527823d2a17,Diego,Dominguez,diego.dominguez6329,1977-11-03,Yavapai,Prescott,86301,Navajo,1
0081342c7a99ce05,Noah,Flores,noah.flores2619,1986-03-01,Yavapai,Cottonwood,86314,Spanish,1
fdad8982532d791e,Samuel,Dominguez,samuel.dominguez6295,1956-01-29,Yavapai,Cottonwood,86301,English,1
0199e3f0215856b3,Leah,Gonzalez,leah.gonzalez1249,1944-11-01,Yavapai,Sedona,86336,English,1
ef07e88a21dc6d36,Hannah,Molina,hannah.molina9125,2005-09-02,Yavapai,Cottonwood,86301,English,1
56d337c6c4ee4972,Aiden,Mendoza,aiden.mendoza7781,1991-11-07,Yavapai,Sedona,86314,English,1
123ab98753c0f028,Chloe,Reyes,chloe.reyes5939,1946-10-24,Yavapai,Cottonwood,86314,Spanish,1
a57a9177b5f512a9,Nora,Ramirez,nora.ramirez6466,1968-05-14,Yavapai,Cottonwood,86314,English,1
7c921386bbacbca3,Lucas,Torres,lucas.torres7455,2006-12-06,Yavapai,Sedona,86336,English,1
43e02ed21cb2a51d,Lucas,Cruz,lucas.cruz1522,1981-06-15,Yavapai,Cottonwood,86301,Spanish,1
ab8f78bd58e8157b,Ava,Delgado,ava.delgado9161,1973-10-07,Yavapai,Cottonwood,86301,Spanish,1
e2e8ca044caa8904,Grace,Ortiz,grace.ortiz8831,1990-05-12,Yavapai,Prescott,86314,English,1
c404ba60f10ddaf4,Miguel,Hernandez,miguel.hernandez1177,1970-07-30,Yavapai,Prescott,86336,English,1
81ce3e917bc87781,Diego,Molina,diego.molina3942,1967-08-05,Yavapai,Cottonwood,86301,English,1
33d17a4e1cd91c8e,Sofia,Dominguez,sofia.dominguez6300,1959-12-01,Yavapai,Cottonwood,86314,English,1
73845fdf31ab9043,Nora,Flores,nora.flores9275,2024-12-16,Yavapai,Prescott,86336,Spanish,1
048732f60b167e74,Grace,Romero,grace.romero8791,1953-02-27,Yavapai,Prescott,86336,English,1
94bb6f8b423b2b4f,Ava,Ortiz,ava.ortiz5072,1974-11-13,Yavapai,Prescott,86336,English,1
e75eb284fea9dde7,Sofia,Ramirez,sofia.ramirez5717,1992-09-29,Yavapai,Sedona,86301,English,1
9b43101b16816a3a,Julian,Ramirez,julian.ramirez6296,2005-06-21,Yavapai,Sedona,86314,English,1
1c90085e2cea4d45,Isabella,Gonzalez,isabella.gonzalez1303,1943-01-23,Yavapai,Prescott,86301,English,1
1532100d0f597008,Sofia,Gonzalez,sofia.gonzalez6946,1956-12-09,Yavapai,Cottonwood,86301,English,1
da8648e7d4ff602a,Miguel,Romero,miguel.romero5560,1971-01-09,Yavapai,Cottonwood,86314,English,1
2318c203c02c2557,Sebastian,Ramos,sebastian.ramos2801,1940-09-12,Yavapai,Prescott,86314,English,1
967c0b05d0a113b5,David,Ramos,david.ramos1237,1999-01-27,Yavapai,Cottonwood,86301,English,1
14670ceb9561f42e,Liam,Gonzalez,liam.gonzalez3186,1979-10-23,Yavapai,Prescott,86314,English,1
453532de821e0881,Diego,Dominguez,diego.dominguez7548,1953-03-05,Yavapai,Prescott,86314,English,1
55de2729804191bb,Emma,Diaz,emma.diaz7198,1958-04-03,Yavapai,Sedona,86301,Spanish,1
00d1dad9445974ba,Maria,Rivera,maria.rivera1517,1965-07-24,Yavapai,Sedona,86314,English,1
1ef344a53e6b63bc,Ariana,Torres,ariana.torres6395,1972-10-29,Yavapai,Cottonwood,86301,English,1
ae281a5c15cf0dac,Grace,Mendoza,grace.mendoza9198,1964-07-30,Yavapai,Prescott,86314,Spanish,1
54763d80284dbdb5,Miguel,Cruz,miguel.cruz1279,2012-06-22,Yavapai,Cottonwood,86314,English,1
05318c52fab1cee3,Hannah,Torres,hannah.torres5460,1950-06-14,Yavapai,Prescott,86336,English,1
2a9ddf89fcf73a83,Sofia,Ramirez,sofia.ramirez5566,1966-12-17,Yavapai,Cottonwood,86314,English,1
622adad1efb0ac9c,Mason,Sanchez,mason.sanchez9926,2010-06-29,Yavapai,Cottonwood,86301,Spanish,1
af4b90751c7fb918,Elena,Lopez,elena.lopez4996,1982-03-05,Yavapai,Prescott,86301,English,1
50d155767e1ec74a,Hannah,Gonzalez,hannah.gonzalez1986,1975-01-13,Yavapai,Prescott,86301,English,1
6b24d14273ce4d1d,Emma,Garcia,emma.garcia2559,1970-10-27,Yavapai,Cottonwood,86301,English,1
0605eaf9979364c3,Luna,Silva,luna.silva2001,1958-10-27,Yavapai,Cottonwood,86336,English,1
c4f16f66d175d182,Ava,Lopez,ava.lopez6906,1960-12-01,Yavapai,Prescott,86301,Navajo,1
4f1a319ecc3eb89f,Isabella,Flores,isabella.flores7535,1942-08-05,Yavapai,Cottonwood,86301,English,1
f18875c21969fae1,Ava,Diaz,ava.diaz4243,1954-03-08,Yavapai,Cottonwood,86336,English,1
ba841fbc498b0cac,Aria,Ortiz,aria.ortiz4888,1959-01-11,Yavapai,Sedona,86301,English,1
86d39c15055e3958,Leah,Navarro,leah.navarro9039,2007-11-14,Yavapai,Prescott,86314,English,1
a0b2015c7647a9d2,Sebastian,Martinez,sebastian.martinez9073,2009-08-21,Yavapai,Prescott,86301,English,1
467382d33ab5047c,Aiden,Lopez,aiden.lopez1461,1972-08-31,Yavapai,Prescott,86314,English,1
755799f07aeffa72,Adrian,Gomez,adrian.gomez9634,1968-08-29,Yavapai,Prescott,86336,English,1
c3fa8f924256aa20,Maria,Torres,maria.torres1582,1964-03-16,Yavapai,Prescott,86301,English,1
d882b0c91fcd8c90,Daniel,Ortiz,daniel.ortiz4520,1990-09-01,Yavapai,Prescott,86336,English,1
525422c71e1b19d2,Noah,Hernandez,noah.hernandez7491,1978-09-23,Yavapai,Cottonwood,86301,English,1
1595cd999319be6b,Chloe,Garcia,chloe.garcia7337,1992-06-17,Yavapai,Sedona,86301,English,1
7ef06b44576804e1,Natalie,Flores,natalie.flores1467,1972-03-30,Yavapai,Prescott,86314,Spanish,1
4fa6fa4d15b34d1f,Alex,Torres,alex.torres8912,1985-09-25,Yavapai,Prescott,86336,Spanish,1
79d6b87609614ac7,Mia,Vasquez,mia.vasquez4292,1998-06-26,Yavapai,Sedona,86336,English,1
6c0db8dcc1abc2f4,Aiden,Hernandez,aiden.hernandez4814,1950-12-29,Yavapai,Sedona,86336,English,1
5eb8f2eef69623ec,Julian,Torres,julian.torres9931,2014-03-06,Yavapai,Sedona,86301,English,1
9005eae082ca7db0,Miguel,Ramos,miguel.ramos7352,1982-11-25,Yavapai,Cottonwood,86314,Spanish,1
3ea56159a64c283b,Lucas,Delgado,lucas.delgado9830,1942-01-12,Yavapai,Prescott,86314,Spanish,1
05689bca1a81aa96,Ethan,Lopez,ethan.lopez9404,1969-12-22,Yavapai,Cottonwood,86301,English,1
22a25326e9a12f6e,Mia,Reyes,mia.reyes9618,1954-09-15,Yavapai,Sedona,86336,English,1
be3f8d1d0fdf7cb8,Ava,Perez,ava.perez5864,1972-02-19,Yavapai,Prescott,86336,English,1
32d250179c0acd6d,Natalie,Ramirez,natalie.ramirez4852,1975-01-01,Yavapai,Sedona,86314,Spanish,1
8a016e1e58fba411,Olivia,Dominguez,olivia.dominguez7566,1993-05-14,Yavapai,Sedona,86336,Spanish,1
dc3f0614df033898,Maria,Molina,maria.molina808,1953-05-14,Yavapai,Cottonwood,86336,English,1
b842f533e1dc518b,Ava,Torres,ava.torres5400,1940-01-14,Yavapai,Prescott,86314,Navajo,1
a0e50a1090535955,Liam,Silva,liam.silva4992,1964-04-02,Yavapai,Cottonwood,86336,English,1
1b20c80531d2555b,Olivia,Silva,olivia.silva5436,2022-02-20,Yavapai,Sedona,86336,Spanish,1
5a07d31b4d6711ca,Javier,Aguilar,javier.aguilar7351,2007-02-02,Yavapai,Cottonwood,86301,Spanish,1
1c32e5139ca3ebf6,Carlos,Reyes,carlos.reyes5947,2023-09-10,Yavapai,Cottonwood,86314,English,1
c4a4c6af20e9c8dc,Gabriel,Aguilar,gabriel.aguilar6819,2023-04-06,Yavapai,Cottonwood,86301,English,1
0ca96c6414ff3c08,Maria,Ramos,maria.ramos3535,1980-01-31,Yavapai,Sedona,86336,Spanish,1
1c01f13315443488,Mia,Molina,mia.molina8098,2015-01-17,Yavapai,Cottonwood,86301,English,1
e0a7e2b2dc7abbad,Nora,Rivera,nora.rivera1116,1942-07-27,Yavapai,Prescott,86336,English,1
e21abfccfa61dd7f,Gabriel,Torres,gabriel.torres375,1950-09-29,Yavapai,Sedona,86314,English,1
908300697e8ba0e1,Jose,Rivera,jose.rivera7160,1943-01-01,Yavapai,Sedona,86336,English,1
b65afa81efaf4211,Julian,Ramirez,julian.ramirez5963,2004-07-29,Yavapai,Sedona,86336,English,1
a5c556605c47d8c0,Ana,Lopez,ana.lopez9887,1967-04-05,Yavapai,Sedona,86314,Spanish,1
ebb703691aa07e20,Samuel,Garcia,samuel.garcia6791,1957-03-17,Yavapai,Cottonwood,86314,English,1
8fa11f1730d46689,Nora,Hernandez,nora.hernandez3214,1971-05-06,Yavapai,Cottonwood,86301,English,1
0d2b1e61184c556d,Aria,Silva,aria.silva4933,1971-05-12,Yavapai,Prescott,86314,English,1
c24ca875ba8821a0,Emma,Rivera,emma.rivera2956,1970-03-29,Yavapai,Sedona,86301,Spanish,1
edfa2cb6f9373a66,Mia,Cruz,mia.cruz1363,1990-01-07,Yavapai,Cottonwood,86314,English,1
e4dd5050e1ef7022,Javier,Delgado,javier.delgado6363,1943-07-24,Yavapai,Prescott,86314,English,1
51dd9c40a0eca936,Grace,Ruiz,grace.ruiz2160,2012-12-28,Yavapai,Prescott,86301,English,1
7dc388a7a349e2dd,Luna,Perez,luna.perez4643,2010-01-27,Yavapai,Sedona,86301,English,1
63fc9d431b456bb0,Leah,Molina,leah.molina1514,1962-07-18,Yavapai,Prescott,86314,Spanish,1
0522ad1bcc033857,Samuel,Flores,samuel.flores7986,1973-08-01,Yavapai,Cottonwood,86336,Spanish,1
79e9b08356fad205,Leah,Vega,leah.vega3022,2012-04-11,Yavapai,Prescott,86301,English,1
9e87e91492b0f895,Liam,Silva,liam.silva2078,1994-09-09,Yavapai,Prescott,86301,English,1
aa0251e64b44242a,Maria,Aguilar,maria.aguilar3187,1971-09-19,Yavapai,Cottonwood,86336,English,1
98d23fc0e8cf245c,Luna,Aguilar,luna.aguilar254,1990-11-18,Yavapai,Prescott,86314,Spanish,1
4da8b520e619a367,Jose,Garcia,jose.garcia7010,1945-03-08,Yavapai,Cottonwood,86314,English,1
ab1bc4b195dda85b,Luna,Martinez,luna.martinez5702,2005-03-27,Yavapai,Sedona,86314,English,1
37530cfa5fec2095,Diego,Vega,diego.vega8499,1958-09-30,Yavapai,Cottonwood,86336,English,1
7a6be0f1860bf6d1,Lucas,Ortiz,lucas.ortiz9230,2017-03-08,Yavapai,Cottonwood,86301,English,1
d2df6144704d4d22,Emma,Ramos,emma.ramos2836,1959-10-11,Yavapai,Sedona,86301,English,1
48fec6f4e61e7432,Nora,Vega,nora.vega7655,1966-05-26,Yavapai,Sedona,86301,Spanish,1
9e1a58d2572fae51,Carlos,Vega,carlos.vega3827,1950-04-07,Yavapai,Cottonwood,86301,English,1
900eb9955d763261,Samuel,Dominguez,samuel.dominguez7197,1999-02-07,Yavapai,Sedona,86336,English,1
d491b4080f20babb,Ethan,Castillo,ethan.castillo1278,1957-04-20,Yavapai,Sedona,86314,English,1
c1462ba6edc57fd8,Olivia,Perez,olivia.perez4919,1965-03-26,Yavapai,Sedona,86314,English,1
3bf61009f0da18d2,Mia,Morales,mia.morales6583,1944-09-26,Yavapai,Cottonwood,86336,Navajo,1
5c72fd5438492c1a,Sofia,Silva,sofia.silva6739,2005-09-22,Yavapai,Prescott,86301,English,1
9981e54951a6416d,Lucas,Silva,lucas.silva4178,1971-12-18,Yavapai,Cottonwood,86301,English,1
7bc91a4f4c7a7f75,Nora,Morales,nora.morales7654,2017-04-25,Yavapai,Sedona,86301,Spanish,1
be2f95a2410ea62d,Leah,Aguilar,leah.aguilar5009,2010-12-10,Yavapai,Sedona,86314,Spanish,1
9e564b4fc778ab2d,Daniel,Torres,daniel.torres4557,1965-02-19,Yavapai,Prescott,86336,Spanish,1
0a7031399feda4a8,Mateo,Sanchez,mateo.sanchez1156,1984-01-02,Yavapai,Prescott,86314,Spanish,1
fc9416c81ff849b7,Valeria,Diaz,valeria.diaz9996,1963-10-22,Yavapai,Prescott,86301,Spanish,1
7cc4938bf29aa68f,Elena,Navarro,elena.navarro3612,1969-12-31,Yavapai,Prescott,86336,Spanish,1
0f218708dee1e2f4,Samuel,Ortiz,samuel.ortiz5168,1966-07-12,Yavapai,Prescott,86301,Spanish,1
e2db9892e58c9691,Olivia,Perez,olivia.perez2766,1991-09-04,Yavapai,Prescott,86314,English,1
7deba6dbfb55370d,Isabella,Hernandez,isabella.hernandez2346,1971-03-12,Yavapai,Sedona,86301,Spanish,1
e42210652c2749c4,Daniel,Ruiz,daniel.ruiz7933,1997-05-27,Yavapai,Cottonwood,86314,English,1
9efbd034357cc7a6,Emma,Molina,emma.molina9300,2021-05-03,Yavapai,Cottonwood,86301,English,1
bdce37d700efe2f5,Elena,Molina,elena.molina3669,1941-08-06,Yavapai,Prescott,86314,English,1
c93fa4258a36d3ee,Chloe,Romero,chloe.romero3662,1979-11-23,Yavapai,Cottonwood,86314,Spanish,1
1716f6853bbde149,Aria,Lopez,aria.lopez3178,1972-01-25,Yavapai,Cottonwood,86336,English,1
94a3d6e8e4a57699,Mason,Ortiz,mason.ortiz5193,1993-06-03,Yavapai,Sedona,86314,English,1
48cf1ba9753a9873,Grace,Reyes,grace.reyes753,1983-09-05,Yavapai,Prescott,86301,English,1
f7d36df75d2ba2a5,Ethan,Ramirez,ethan.ramirez3823,1985-09-28,Yavapai,Prescott,86336,English,1
e4915a85e0bc327e,Liam,Ramirez,liam.ramirez5648,2016-03-12,Yavapai,Sedona,86314,English,1
1b264fd3408c0c61,Liam,Vasquez,liam.vasquez812,1958-11-25,Yavapai,Prescott,86314,Spanish,1
5a2b0335322575fe,Elena,Hernandez,elena.hernandez8733,1971-07-19,Yavapai,Sedona,86314,English,1
d29167eccdc6ce0e,Grace,Romero,grace.romero8207,2015-05-15,Yavapai,Sedona,86314,English,1
4ed9b32ecd2f656d,Chloe,Diaz,chloe.diaz6633,1961-01-03,Yavapai,Sedona,86301,Spanish,1
2c26eab03f8287e5,Luna,Lopez,luna.lopez3258,1987-06-02,Yavapai,Prescott,86314,Spanish,1
91735d834494bf4c,Emma,Cruz,emma.cruz3762,1976-07-05,Yavapai,Sedona,86301,English,1
34696ddf88afb73d,Maria,Vasquez,maria.vasquez6489,1958-12-14,Yavapai,Prescott,86314,English,1
0a7217e198e6e149,Julian,Martinez,julian.martinez553,1998-12-21,Yavapai,Prescott,86301,English,1
a28bbb98b1bdfbb6,Hannah,Dominguez,hannah.dominguez4374,1970-02-03,Yavapai,Prescott,86301,English,1
e134348e070794f5,David,Silva,david.silva9047,2021-06-06,Yuma,Somerton,85365,English,1
0ec44df15175d278,Javier,Romero,javier.romero5880,2017-06-30,Yuma,Somerton,85364,Spanish,1
92efdd46adfaa9d6,Natalie,Perez,natalie.perez8513,1963-04-22,Yuma,Somerton,85365,Spanish,1
12fa384cfafbab1f,Sebastian,Hernandez,sebastian.hernandez6523,2007-11-08,Yuma,San Luis,85367,English,1
7b2e4bd6508f1541,Hannah,Castillo,hannah.castillo6407,1999-09-28,Yuma,Somerton,85365,English,1
fd536c5dbc3dccfb,Noah,Castillo,noah.castillo4162,1959-07-02,Yuma,Yuma,85364,English,1
4f7a582f3f1c36f9,Sofia,Diaz,sofia.diaz8595,1971-07-03,Yuma,Somerton,85364,Spanish,1
580a7bdc130ba175,Elena,Aguilar,elena.aguilar2257,2006-01-26,Yuma,Somerton,85367,Spanish,1
785fbc30901bcf5d,Natalie,Vasquez,natalie.vasquez2933,1949-02-09,Yuma,San Luis,85367,English,1
2ace429cebc6ae3e,Maria,Navarro,maria.navarro8676,1966-10-03,Yuma,Yuma,85364,English,1
93706015f2f7d613,Aria,Vega,aria.vega4531,2006-09-20,Yuma,Yuma,85367,English,1
884c96210bd617ed,Adrian,Rivera,adrian.rivera5863,1949-03-04,Yuma,San Luis,85367,Spanish,1
2a3eb79bbbbd852b,Grace,Cruz,grace.cruz2399,1968-10-17,Yuma,San Luis,85367,Spanish,1
e5f15e8f9424225f,Julian,Perez,julian.perez3334,1986-08-12,Yuma,San Luis,85365,Spanish,1
44fcc3a7eb54e07c,Chloe,Lopez,chloe.lopez6725,1976-03-27,Yuma,San Luis,85367,Spanish,1
dbbd6fdf575cbf12,Lucas,Ruiz,lucas.ruiz2316,2007-02-07,Yuma,Yuma,85365,English,1
14c8d56e6154d2ea,Aiden,Navarro,aiden.navarro6832,1946-06-08,Yuma,San Luis,85365,Spanish,1
2b7581fb13589ea9,Miguel,Ramirez,miguel.ramirez7302,1958-02-22,Yuma,Yuma,85364,English,1
28d72b28168b80eb,Javier,Morales,javier.morales7314,1953-06-01,Yuma,Somerton,85364,English,1
e86ae1d3d3dc4fb0,Aria,Gomez,aria.gomez4026,1974-02-09,Yuma,San Luis,85365,English,1
6fff0e06eb5bd028,Elena,Lopez,elena.lopez2746,1984-02-03,Yuma,San Luis,85365,Spanish,1
ddfa6bc52945741f,Julian,Torres,julian.torres3142,1947-08-30,Yuma,Somerton,85365,English,1
cc784f64841a1f28,Daniel,Flores,daniel.flores1900,1976-08-29,Yuma,Somerton,85365,Spanish,1
35b01a61f1a565ec,Diego,Gomez,diego.gomez6346,1993-01-22,Yuma,Somerton,85367,English,1
1a1e670c92285f3d,Julian,Ruiz,julian.ruiz8197,1944-10-22,Yuma,San Luis,85364,English,1
9c88ac82e319a8b4,Aria,Gomez,aria.gomez1585,2021-11-30,Yuma,Yuma,85364,English,1
08bf784ff847fb51,Camila,Vega,camila.vega6208,1998-03-20,Yuma,Somerton,85365,Spanish,1
6b78aa7a9356226f,Leah,Lopez,leah.lopez5113,2002-04-03,Yuma,San Luis,85364,English,1
a2b0d29b5bf4066a,Leah,Morales,leah.morales3683,1946-10-09,Yuma,Somerton,85365,English,1
b0e94ace406f4bfc,Grace,Rivera,grace.rivera7748,2024-07-10,Yuma,San Luis,85364,English,1
d238552efe96af49,Chloe,Ramos,chloe.ramos3367,1992-07-16,Yuma,San Luis,85364,Spanish,1
c770ec4cd22675c6,Miguel,Ramos,miguel.ramos3481,1975-12-27,Yuma,Yuma,85365,English,1
0dcc665c67acab39,Miguel,Gonzalez,miguel.gonzalez6458,1940-04-13,Yuma,San Luis,85367,English,1
3e203832bd2f0255,Valeria,Navarro,valeria.navarro8623,1988-02-06,Yuma,San Luis,85365,English,1
b7026d989c3b8a21,Natalie,Perez,natalie.perez338,2012-04-05,Yuma,San Luis,85364,Spanish,1
e7b095d1c39e947b,Grace,Gonzalez,grace.gonzalez3341,1983-09-16,Yuma,Yuma,85367,Spanish,1
42964ebfe59f1019,Aiden,Rivera,aiden.rivera9641,1989-03-28,Yuma,Somerton,85367,Spanish,1
a32267be6f521b80,Diego,Aguilar,diego.aguilar4643,1968-11-08,Yuma,Somerton,85367,English,1
43e13317afeb5b6f,Elena,Molina,elena.molina2324,1970-12-27,Yuma,Yuma,85364,English,1
78c786cb9b40fbe0,Alex,Romero,alex.romero2236,1992-07-06,Yuma,Yuma,85364,English,1
92cd16116a3c24c4,Maria,Ortiz,maria.ortiz8684,1955-10-11,Yuma,San Luis,85364,English,1
c854655d1766ee10,Jose,Navarro,jose.navarro9793,2020-06-06,Yuma,San Luis,85367,Spanish,1
aa16030f7ed5dfb6,Aria,Reyes,aria.reyes4743,1972-06-02,Yuma,Somerton,85367,English,1
47f1170ed00ff50a,Samuel,Hernandez,samuel.hernandez1182,1984-06-30,Yuma,Yuma,85364,English,1
7e3b6eeae116a5c4,Ethan,Hernandez,ethan.hernandez8687,2005-11-07,Yuma,Somerton,85365,English,1
0ba46c61827ca331,Camila,Gonzalez,camila.gonzalez8898,1982-11-07,Yuma,Somerton,85364,English,1
f2070f5d12208d78,Natalie,Gonzalez,natalie.gonzalez9983,2009-01-14,Yuma,Somerton,85367,Spanish,1
17ed25726d34fcb8,Chloe,Mendoza,chloe.mendoza6878,1944-01-12,Yuma,Somerton,85365,English,1
579f5c2cfb4887d5,Ana,Delgado,ana.delgado6655,1946-04-30,Yuma,Yuma,85364,English,1
031c56c215be29c3,Olivia,Vasquez,olivia.vasquez7926,2004-05-25,Yuma,San Luis,85364,English,1
d0d0a282916aa7ff,Emma,Molina,emma.molina483,1983-08-05,Yuma,Somerton,85367,English,1
64926938d4e20fda,Mason,Ortiz,mason.ortiz7779,1998-06-21,Yuma,San Luis,85364,English,1
2b228496fe19dc50,Maria,Castillo,maria.castillo111,1963-01-26,Yuma,San Luis,85367,English,1
f11a4bdf6081b43c,Elena,Silva,elena.silva492,1952-05-12,Yuma,San Luis,85367,Spanish,1
7c52267daafa6cc6,Olivia,Flores,olivia.flores4147,1964-04-23,Yuma,Somerton,85367,Navajo,1
7fdf6819eb3609e4,Miguel,Ramos,miguel.ramos6679,1960-03-30,Yuma,Yuma,85365,English,1
e16e8b770ed006db,Daniel,Martinez,daniel.martinez6143,2010-01-28,Yuma,Yuma,85365,English,1
d7ec74658bf9f54c,Ava,Romero,ava.romero7239,1994-08-26,Yuma,San Luis,85364,English,1
05576b3dcbcb3f94,Mason,Flores,mason.flores1459,1980-04-28,Yuma,Somerton,85367,English,1
00935d3ad96b673f,Ana,Lopez,ana.lopez3244,1970-07-30,Yuma,Somerton,85365,English,1
b4d04bf70fc61c41,Olivia,Molina,olivia.molina7094,2002-11-09,Yuma,Somerton,85364,Spanish,1
d8519dfd05ef0937,Daniel,Romero,daniel.romero660,1947-02-11,Yuma,Somerton,85367,English,1
294ade8bd848b7e3,Ava,Ortiz,ava.ortiz6731,2012-08-10,Yuma,San Luis,85367,English,1
b5e57fc744dea478,Ethan,Flores,ethan.flores6635,1947-04-19,Yuma,San Luis,85364,Spanish,1
be73167ec835d21e,Maria,Lopez,maria.lopez5850,1944-10-04,Yuma,Yuma,85365,English,1
313974d982f799aa,Adrian,Ruiz,adrian.ruiz2934,1977-08-30,Yuma,Yuma,85367,English,1
7109347985754052,Liam,Martinez,liam.martinez5351,1968-05-17,Yuma,Yuma,85364,English,1
9b0af2a1e01f9cd7,Sofia,Rivera,sofia.rivera867,2019-01-15,Yuma,Somerton,85367,English,1
57cd27334f3d2b6c,Adrian,Hernandez,adrian.hernandez7218,1952-10-12,Yuma,Yuma,85365,English,1
459a4d35bf8d967f,Luna,Ramos,luna.ramos1322,1986-01-13,Yuma,San Luis,85367,English,1
9ec3c794a7c924ed,Mia,Aguilar,mia.aguilar9906,1961-01-21,Yuma,Yuma,85364,Spanish,1
e849d222cda1c8c0,Hannah,Aguilar,hannah.aguilar4159,1982-10-31,Yuma,Yuma,85364,English,1
001d78f09aa2e5e2,Javier,Flores,javier.flores5136,1966-02-09,Yuma,San Luis,85365,English,1
caf8701529321ae3,Gabriel,Lopez,gabriel.lopez5340,1945-04-07,Yuma,Yuma,85365,English,1
0c87c191c46487a6,Leah,Flores,leah.flores5435,1985-01-23,Yuma,San Luis,85365,English,1
3b802db95aafc64f,Elena,Sanchez,elena.sanchez3661,2016-02-16,Yuma,Yuma,85364,English,1
72a22f20326a1721,Samuel,Vasquez,samuel.vasquez1028,2013-05-20,Yuma,San Luis,85364,English,1
ca01b4baec313f79,Sofia,Ruiz,sofia.ruiz8339,1951-08-08,Yuma,Somerton,85365,Spanish,1
ce21289788627fb4,Maria,Silva,maria.silva9690,1992-03-12,Yuma,Somerton,85364,English,1
c1aa18b2c07ab504,Maria,Reyes,maria.reyes1592,2014-01-31,Yuma,San Luis,85367,English,1
d5eb5e3091311f5b,Camila,Flores,camila.flores8875,2021-05-08,Yuma,Somerton,85367,English,1
1e5b903b1b2fcadf,Leah,Hernandez,leah.hernandez4486,1982-02-15,Yuma,Yuma,85364,English,1
ad3711cd5ab1e95f,David,Ruiz,david.ruiz6794,1947-05-30,Yuma,Somerton,85367,English,1
68d2d035b9e94acd,Gabriel,Gomez,gabriel.gomez3028,1940-09-05,Yuma,Somerton,85364,English,1
c93d32a351e160d4,Daniel,Cruz,daniel.cruz2897,1945-12-14,Yuma,Yuma,85367,Navajo,1
056fbf1cdb74e0fb,Ethan,Aguilar,ethan.aguilar3220,2011-06-30,Yuma,Somerton,85364,Spanish,1
1030001dbd550693,Natalie,Aguilar,natalie.aguilar2270,2008-07-24,Yuma,Yuma,85365,English,1
723cc1679c374660,Alex,Morales,alex.morales6992,1945-07-12,Yuma,Yuma,85365,English,1
07f96cf425a3a3bc,Mateo,Dominguez,mateo.dominguez2992,1951-09-13,Yuma,Somerton,85364,Navajo,1
952c7b518b152c42,Sebastian,Ramirez,sebastian.ramirez7557,1959-09-30,Yuma,Somerton,85364,English,1
02f6eb8dcae21f54,Nora,Ramirez,nora.ramirez9009,2012-11-21,Yuma,Somerton,85365,English,1
4bc8c7cb93d89e78,Samuel,Molina,samuel.molina4842,1990-07-02,Yuma,San Luis,85367,English,1
a2637cd09efc9d50,Grace,Martinez,grace.martinez2165,1965-02-05,Yuma,Somerton,85365,English,1
9bcedd881ed7c212,Sebastian,Romero,sebastian.romero127,2011-07-15,Yuma,Yuma,85364,Spanish,1
91b40358132a71d1,Diego,Vasquez,diego.vasquez272,1940-05-26,Yuma,San Luis,85364,English,1
3ecf17d106b6395d,Mia,Vega,mia.vega6980,1944-02-17,Yuma,San Luis,85365,English,1
44f758bc5a765888,Luna,Gonzalez,luna.gonzalez6169,1959-03-11,Yuma,Yuma,85365,English,1
08d5ba291947ab2a,Daniel,Garcia,daniel.garcia3001,1958-01-10,Yuma,San Luis,85364,Spanish,1
3440953d30d5df7f,Adrian,Vega,adrian.vega6742,1970-10-21,Yuma,Yuma,85365,English,1
9dd68ad997b5ed9f,Ana,Ortiz,ana.ortiz6823,2014-04-25,Yuma,Somerton,85364,Spanish,1
78ef9988334d9de1,Mia,Hernandez,mia.hernandez7902,1998-12-20,Yuma,Somerton,85364,English,1
e3bb0f18eef423d0,Ava,Navarro,ava.navarro5710,1966-03-16,Yuma,San Luis,85364,English,1
0e3b9068d09ec2f2,Sofia,Navarro,sofia.navarro8245,2005-01-21,Yuma,San Luis,85367,English,1
6a9a0e0b3bee3b53,Ava,Ortiz,ava.ortiz2820,1996-01-13,Yuma,San Luis,85367,English,1
cada66c4591c012d,Javier,Vasquez,javier.vasquez7453,1949-07-25,Yuma,Somerton,85364,Spanish,1
38f53c399417ee38,Valeria,Navarro,valeria.navarro8037,2016-10-30,Yuma,Somerton,85364,Spanish,1
0e735793c1834f69,Aiden,Diaz,aiden.diaz3486,2021-09-15,Yuma,Somerton,85364,English,1
542376cb0dd0a0a4,Mateo,Hernandez,mateo.hernandez4725,1994-04-30,Yuma,San Luis,85367,English,1
b0bd81680094bb3b,Leah,Flores,leah.flores183,2011-11-04,Yuma,San Luis,85365,Spanish,1
3050a0160e677d1e,Liam,Navarro,liam.navarro834,1982-05-16,Yuma,Yuma,85367,English,1
dbe99d6c7a6f206b,Mason,Gonzalez,mason.gonzalez4392,1990-02-16,Yuma,San Luis,85364,English,1
b151575c8ae314a7,Javier,Lopez,javier.lopez6878,2016-10-29,Yuma,Somerton,85364,English,1
78656122feba25fd,Leah,Torres,leah.torres5914,2002-02-28,Yuma,San Luis,85364,English,1
006a02ad69078073,Ethan,Garcia,ethan.garcia4563,2021-11-23,Yuma,San Luis,85367,English,1
90be13e496571f5d,Ava,Mendoza,ava.mendoza9414,2024-09-13,Yuma,Somerton,85367,English,1
db3d1de108788694,Nora,Sanchez,nora.sanchez4147,2002-05-24,Yuma,San Luis,85364,Spanish,1
d4c954ddec085c19,Carlos,Ramos,carlos.ramos9274,2020-01-25,Yuma,San Luis,85364,English,1
31f1be9385d1f82c,Ana,Garcia,ana.garcia5820,1946-08-30,Yuma,Yuma,85365,Spanish,1
e6fa1d300d8c862a,Julian,Flores,julian.flores9628,2021-11-16,Yuma,San Luis,85365,English,1
e7be5a0a45eb0196,Sofia,Morales,sofia.morales489,1979-10-14,Yuma,Yuma,85365,English,1
5aa18117701f6c43,Javier,Vasquez,javier.vasquez5064,1986-06-06,Yuma,San Luis,85364,English,1
93b224c3a793846a,Sebastian,Ramos,sebastian.ramos6376,1961-09-06,Yuma,Yuma,85367,Spanish,1
1f1d1dd6b6941c4b,Diego,Navarro,diego.navarro5765,1980-06-25,Yuma,Yuma,85365,English,1
748d30a014fc3d57,Hannah,Dominguez,hannah.dominguez5077,1962-07-11,Yuma,San Luis,85365,English,1
b518a1393b5f83c2,Aria,Romero,aria.romero9609,1964-02-16,Yuma,Yuma,85364,English,1
6d07a47e8c659223,Aria,Martinez,aria.martinez2050,1963-09-19,Yuma,Somerton,85367,English,1
838d0e377e8357bc,Samuel,Molina,samuel.molina4421,1984-02-09,Yuma,San Luis,85364,Spanish,1
ae697796ae9826ca,Leah,Hernandez,leah.hernandez4060,1969-11-26,Yuma,San Luis,85367,Spanish,1
7b816e9fcf27d580,Daniel,Ramirez,daniel.ramirez7474,1959-05-10,Yuma,San Luis,85365,Spanish,1
040c25165f18a9d0,Miguel,Martinez,miguel.martinez7585,1986-12-27,Yuma,San Luis,85367,English,1
9aa76affc9c0954a,Samuel,Ortiz,samuel.ortiz1903,1941-02-05,Yuma,Yuma,85367,English,1
7acf0fd58e3766c3,Alex,Ramos,alex.ramos8221,2004-12-11,Yuma,Somerton,85367,Spanish,1
8a63832f11ff3f05,Gabriel,Vasquez,gabriel.vasquez2847,1949-09-28,Yuma,San Luis,85367,English,1
11e2c85afa009b1a,Julian,Molina,julian.molina6910,1957-02-06,Yuma,Somerton,85364,Spanish,1
da5d7c254dc5fa86,Jose,Flores,jose.flores8608,2001-04-05,Yuma,Somerton,85365,English,1
145fe2c68f0cf5b7,Grace,Castillo,grace.castillo2846,1951-05-19,Yuma,Yuma,85367,Spanish,1
5a8c8a9de64d4227,Elena,Flores,elena.flores1476,2023-11-10,Yuma,Somerton,85365,English,1
6e273f141ec6e148,Nora,Garcia,nora.garcia2862,2010-01-30,Yuma,Somerton,85367,English,1
06a1bc49e1af4b05,Elena,Flores,elena.flores1926,1951-11-08,Yuma,Yuma,85365,English,1
b9481c8d218b479d,Leah,Mendoza,leah.mendoza9522,2013-08-30,Yuma,San Luis,85367,English,1
ab3e219a83e35f22,Julian,Perez,julian.perez2433,1986-06-28,Yuma,San Luis,85364,English,1
5d1ae59a54ac3904,Julian,Navarro,julian.navarro6923,2000-12-05,Yuma,San Luis,85364,English,1
8c2cbea705d1b26d,Camila,Ramos,camila.ramos1643,1950-10-05,Yuma,San Luis,85367,Spanish,1
4f37ce815c1cd670,Olivia,Lopez,olivia.lopez7183,1995-05-18,Yuma,Somerton,85365,English,1
a1b98ed2151e2124,David,Gomez,david.gomez4413,1977-04-17,Yuma,Somerton,85364,English,1
7a75ed98e43b1bff,Elena,Martinez,elena.martinez2459,1980-11-03,Yuma,San Luis,85367,Navajo,1
93850a923efb54c0,Olivia,Sanchez,olivia.sanchez7732,1960-08-12,Yuma,Yuma,85367,English,1
bb5db9247980b62f,Alex,Cruz,alex.cruz9960,1957-06-09,Yuma,Yuma,85367,English,1
3201320a9ee2723a,David,Ortiz,david.ortiz1777,2024-02-02,Yuma,Somerton,85364,English,1
512c3d310a07a713,Sebastian,Diaz,sebastian.diaz9163,2000-06-07,Yuma,San Luis,85367,Spanish,1
beb1baa485ccbc01,Nora,Torres,nora.torres5216,2016-08-06,Yuma,San Luis,85365,Spanish,1
0a3ed922e024eba4,Ariana,Ramirez,ariana.ramirez5967,2011-06-21,Yuma,Somerton,85364,English,1
dbecaf6cb3dc5af8,Carlos,Silva,carlos.silva8292,2018-06-04,Yuma,Somerton,85364,English,1
d72b41c5ef308b27,Sofia,Castillo,sofia.castillo8452,1945-05-01,Yuma,Yuma,85365,English,1
5c59e093c67f79cf,Alex,Silva,alex.silva6093,2008-07-19,Yuma,San Luis,85367,Spanish,1
36ab63263b4c3e0d,Chloe,Dominguez,chloe.dominguez5017,1995-05-10,Yuma,San Luis,85365,Navajo,1
ce8b702982404498,Sofia,Dominguez,sofia.dominguez9878,2015-01-21,Yuma,San Luis,85367,English,1
14968d0ab8479bb8,Chloe,Gonzalez,chloe.gonzalez1409,1961-05-25,Yuma,Somerton,85365,Spanish,1
7234a52d3398d917,Ariana,Silva,ariana.silva4366,2000-11-07,Yuma,Yuma,85364,English,1
4d1d029e5967de8d,Miguel,Diaz,miguel.diaz7867,1970-09-23,Yuma,San Luis,85364,English,1
f7f16cb7095e2804,Noah,Vasquez,noah.vasquez2186,1989-06-26,Yuma,San Luis,85367,English,1
8a5d283eb7ecce11,Valeria,Mendoza,valeria.mendoza1199,2014-07-29,Yuma,San Luis,85367,English,1
63f3fb76cafbcfa1,Samuel,Navarro,samuel.navarro6218,1945-04-15,Yuma,Yuma,85364,Spanish,1
7e6c94c7d27305da,Samuel,Hernandez,samuel.hernandez7144,1984-10-22,Yuma,Yuma,85364,English,1
f533cee5e197d8f3,Sofia,Ramirez,sofia.ramirez2775,1951-10-09,Yuma,Somerton,85365,English,1
1778cdc910dd723f,Lucas,Navarro,lucas.navarro7753,1955-02-19,Yuma,Somerton,85364,English,1
56485d640de84479,Natalie,Perez,natalie.perez8899,1959-08-06,Yuma,San Luis,85364,English,1
ce691b4b8a7fc744,Carlos,Ramirez,carlos.ramirez4461,2010-07-26,Yuma,Yuma,85367,English,1
46d4fee434b0a4f9,Sofia,Delgado,sofia.delgado1513,1991-12-02,Yuma,Somerton,85364,English,1
41c9ba74af997567,Luna,Ortiz,luna.ortiz2840,1992-02-10,Yuma,San Luis,85364,English,1
551048ca34f9f313,Alex,Ortiz,alex.ortiz7536,1984-10-21,Yuma,San Luis,85367,English,1
a64f6f2567f022fc,Elena,Delgado,elena.delgado1726,2006-11-20,Yuma,Yuma,85365,English,1
08b8a12f1650b1ea,Valeria,Vega,valeria.vega4631,1966-08-20,Yuma,San Luis,85367,English,1
4c1f65ce646a9f43,Noah,Vasquez,noah.vasquez9655,1993-05-23,Yuma,Somerton,85365,English,1
d0eeb64e5d61e253,Ethan,Sanchez,ethan.sanchez9056,2001-10-16,Yuma,Somerton,85365,English,1
fa26ba5f51432f1b,Isabella,Torres,isabella.torres1938,1994-09-07,Yuma,San Luis,85367,Spanish,1
2e41cfdd95c23b7d,Elena,Navarro,elena.navarro3086,1991-11-11,Yuma,Yuma,85364,English,1
c433b4e189f1baf3,Jose,Torres,jose.torres1736,1968-06-11,Yuma,Somerton,85365,English,1
e2500877396e13b0,Adrian,Silva,adrian.silva7709,2002-12-13,Yuma,San Luis,85364,English,1
3ebeb87ff8b412e5,Nora,Gomez,nora.gomez153,2000-08-27,Yuma,San Luis,85365,English,1
1d065c42df340e3c,Adrian,Silva,adrian.silva5115,1986-06-06,Yuma,Somerton,85365,English,1
49948f902ce09671,Daniel,Lopez,daniel.lopez6813,1944-04-08,Yuma,San Luis,85364,English,1
19d86e2751b23185,Natalie,Gomez,natalie.gomez8821,1981-08-11,Yuma,Yuma,85367,English,1
01f41f41a46f1a75,Camila,Dominguez,camila.dominguez7514,1956-03-23,Yuma,Somerton,85364,English,1
d12c1102e44fa9d1,Nora,Reyes,nora.reyes7411,2010-05-20,Yuma,San Luis,85365,English,1
9011f777c69fe85c,Diego,Lopez,diego.lopez2995,1963-11-17,Yuma,San Luis,85367,English,1
0caa746826acc47c,Sebastian,Dominguez,sebastian.dominguez33,1967-05-26,Yuma,Yuma,85365,Spanish,1
aacc9c39b4ce3bfb,Mason,Ortiz,mason.ortiz320,2024-08-28,Yuma,San Luis,85364,Spanish,1
79bef34cbd406b27,Chloe,Reyes,chloe.reyes6061,1953-07-27,Yuma,Yuma,85367,Spanish,1
8ef73d59d73ae77f,Javier,Silva,javier.silva4086,1947-04-17,Yuma,Yuma,85365,English,1
5d31f0ec6af591d3,Adrian,Delgado,adrian.delgado7399,1949-12-26,Yuma,Somerton,85364,English,1
ae33f6057ae746d9,Mason,Reyes,mason.reyes8555,2022-11-09,Yuma,San Luis,85365,English,1
d6ff8669e4fe676f,Ethan,Reyes,ethan.reyes6397,1957-02-17,Yuma,San Luis,85365,English,1
4816bc13881ac23a,Ariana,Hernandez,ariana.hernandez7983,1958-09-23,Yuma,San Luis,85364,English,1
2f41940659b91bdd,Gabriel,Mendoza,gabriel.mendoza2772,1942-04-17,Yuma,Yuma,85365,English,1
34338be6e8d8c765,Valeria,Molina,valeria.molina9128,1946-10-04,Yuma,Somerton,85365,English,1
00678675d3687bf0,Lucas,Morales,lucas.morales4990,1973-04-19,Yuma,Somerton,85365,English,1
bba4050954223b9d,Mia,Garcia,mia.garcia9737,1955-04-02,Yuma,San Luis,85367,English,1
c771fb30a466a8c9,Mateo,Delgado,mateo.delgado2573,2008-06-23,Yuma,San Luis,85364,English,1
2898198b51f88fe0,Ana,Vasquez,ana.vasquez7873,1992-06-29,Yuma,Somerton,85365,English,1
